0 verbose cli C:\nvm4w\nodejs\node.exe C:\nvm4w\nodejs\node_modules\npm\bin\npm-cli.js
1 info using npm@10.9.3
2 info using node@v22.20.0
3 silly config load:file:D:\nvm\v22.20.0\node_modules\npm\npmrc
4 silly config load:file:C:\Users\Levi\Desktop\maple\ui\.npmrc
5 silly config load:file:C:\Users\Levi\.npmrc
6 silly config load:file:C:\nvm4w\nodejs\etc\npmrc
7 verbose title npm install
8 verbose argv "install" "--cache" ".npm-cache" "--ignore-scripts" "--no-audit" "--no-fund"
9 verbose logfile logs-max:10 dir:C:\Users\Levi\Desktop\maple\ui\.npm-cache\_logs\2026-08-15T17_13_46_540Z-
10 verbose logfile C:\Users\Levi\Desktop\maple\ui\.npm-cache\_logs\2026-08-15T17_13_46_540Z-debug-0.log
11 silly logfile done cleaning log files
12 silly packumentCache heap:4345298944 maxSize:1086324736 maxEntrySize:543162368
13 silly idealTree buildDeps
14 silly reify moves {}
15 verbose reify failed optional dependency C:\Users\Levi\Desktop\maple\ui\node_modules\playwright\node_modules\fsevents
16 silly reify mark deleted [
16 silly reify   'C:\\Users\\Levi\\Desktop\\maple\\ui\\node_modules\\playwright\\node_modules\\fsevents'
16 silly reify ]
17 verbose reify failed optional dependency C:\Users\Levi\Desktop\maple\ui\node_modules\fsevents
18 silly reify mark deleted [ 'C:\\Users\\Levi\\Desktop\\maple\\ui\\node_modules\\fsevents' ]
19 verbose reify failed optional dependency C:\Users\Levi\Desktop\maple\ui\node_modules\@rollup\rollup-win32-ia32-msvc
20 silly reify mark deleted [
20 silly reify   'C:\\Users\\Levi\\Desktop\\maple\\ui\\node_modules\\@rollup\\rollup-win32-ia32-msvc'
20 silly reify ]
21 verbose reify failed optional dependency C:\Users\Levi\Desktop\maple\ui\node_modules\@rollup\rollup-win32-arm64-msvc
22 silly reify mark deleted [
22 silly reify   'C:\\Users\\Levi\\Desktop\\maple\\ui\\node_modules\\@rollup\\rollup-win32-arm64-msvc'
22 silly reify ]
23 verbose reify failed optional dependency C:\Users\Levi\Desktop\maple\ui\node_modules\@rollup\rollup-openharmony-arm64
24 silly reify mark deleted [
24 silly reify   'C:\\Users\\Levi\\Desktop\\maple\\ui\\node_modules\\@rollup\\rollup-openharmony-arm64'
24 silly reify ]
25 verbose reify failed optional dependency C:\Users\Levi\Desktop\maple\ui\node_modules\@rollup\rollup-openbsd-x64
26 silly reify mark deleted [
26 silly reify   'C:\\Users\\Levi\\Desktop\\maple\\ui\\node_modules\\@rollup\\rollup-openbsd-x64'
26 silly reify ]
27 verbose reify failed optional dependency C:\Users\Levi\Desktop\maple\ui\node_modules\@rollup\rollup-linux-x64-musl
28 silly reify mark deleted [
28 silly reify   'C:\\Users\\Levi\\Desktop\\maple\\ui\\node_modules\\@rollup\\rollup-linux-x64-musl'
28 silly reify ]
29 verbose reify failed optional dependency C:\Users\Levi\Desktop\maple\ui\node_modules\@rollup\rollup-linux-x64-gnu
30 silly reify mark deleted [
30 silly reify   'C:\\Users\\Levi\\Desktop\\maple\\ui\\node_modules\\@rollup\\rollup-linux-x64-gnu'
30 silly reify ]
31 verbose reify failed optional dependency C:\Users\Levi\Desktop\maple\ui\node_modules\@rollup\rollup-linux-s390x-gnu
32 silly reify mark deleted [
32 silly reify   'C:\\Users\\Levi\\Desktop\\maple\\ui\\node_modules\\@rollup\\rollup-linux-s390x-gnu'
32 silly reify ]
33 verbose reify failed optional dependency C:\Users\Levi\Desktop\maple\ui\node_modules\@rollup\rollup-linux-riscv64-musl
34 silly reify mark deleted [
34 silly reify   'C:\\Users\\Levi\\Desktop\\maple\\ui\\node_modules\\@rollup\\rollup-linux-riscv64-musl'
34 silly reify ]
35 verbose reify failed optional dependency C:\Users\Levi\Desktop\maple\ui\node_modules\@rollup\rollup-linux-riscv64-gnu
36 silly reify mark deleted [
36 silly reify   'C:\\Users\\Levi\\Desktop\\maple\\ui\\node_modules\\@rollup\\rollup-linux-riscv64-gnu'
36 silly reify ]
37 verbose reify failed optional dependency C:\Users\Levi\Desktop\maple\ui\node_modules\@rollup\rollup-linux-ppc64-musl
38 silly reify mark deleted [
38 silly reify   'C:\\Users\\Levi\\Desktop\\maple\\ui\\node_modules\\@rollup\\rollup-linux-ppc64-musl'
38 silly reify ]
39 verbose reify failed optional dependency C:\Users\Levi\Desktop\maple\ui\node_modules\@rollup\rollup-linux-ppc64-gnu
40 silly reify mark deleted [
40 silly reify   'C:\\Users\\Levi\\Desktop\\maple\\ui\\node_modules\\@rollup\\rollup-linux-ppc64-gnu'
40 silly reify ]
41 verbose reify failed optional dependency C:\Users\Levi\Desktop\maple\ui\node_modules\@rollup\rollup-linux-loong64-musl
42 silly reify mark deleted [
42 silly reify   'C:\\Users\\Levi\\Desktop\\maple\\ui\\node_modules\\@rollup\\rollup-linux-loong64-musl'
42 silly reify ]
43 verbose reify failed optional dependency C:\Users\Levi\Desktop\maple\ui\node_modules\@rollup\rollup-linux-loong64-gnu
44 silly reify mark deleted [
44 silly reify   'C:\\Users\\Levi\\Desktop\\maple\\ui\\node_modules\\@rollup\\rollup-linux-loong64-gnu'
44 silly reify ]
45 verbose reify failed optional dependency C:\Users\Levi\Desktop\maple\ui\node_modules\@rollup\rollup-linux-arm64-musl
46 silly reify mark deleted [
46 silly reify   'C:\\Users\\Levi\\Desktop\\maple\\ui\\node_modules\\@rollup\\rollup-linux-arm64-musl'
46 silly reify ]
47 verbose reify failed optional dependency C:\Users\Levi\Desktop\maple\ui\node_modules\@rollup\rollup-linux-arm64-gnu
48 silly reify mark deleted [
48 silly reify   'C:\\Users\\Levi\\Desktop\\maple\\ui\\node_modules\\@rollup\\rollup-linux-arm64-gnu'
48 silly reify ]
49 verbose reify failed optional dependency C:\Users\Levi\Desktop\maple\ui\node_modules\@rollup\rollup-linux-arm-musleabihf
50 silly reify mark deleted [
50 silly reify   'C:\\Users\\Levi\\Desktop\\maple\\ui\\node_modules\\@rollup\\rollup-linux-arm-musleabihf'
50 silly reify ]
51 verbose reify failed optional dependency C:\Users\Levi\Desktop\maple\ui\node_modules\@rollup\rollup-linux-arm-gnueabihf
52 silly reify mark deleted [
52 silly reify   'C:\\Users\\Levi\\Desktop\\maple\\ui\\node_modules\\@rollup\\rollup-linux-arm-gnueabihf'
52 silly reify ]
53 verbose reify failed optional dependency C:\Users\Levi\Desktop\maple\ui\node_modules\@rollup\rollup-freebsd-x64
54 silly reify mark deleted [
54 silly reify   'C:\\Users\\Levi\\Desktop\\maple\\ui\\node_modules\\@rollup\\rollup-freebsd-x64'
54 silly reify ]
55 verbose reify failed optional dependency C:\Users\Levi\Desktop\maple\ui\node_modules\@rollup\rollup-freebsd-arm64
56 silly reify mark deleted [
56 silly reify   'C:\\Users\\Levi\\Desktop\\maple\\ui\\node_modules\\@rollup\\rollup-freebsd-arm64'
56 silly reify ]
57 verbose reify failed optional dependency C:\Users\Levi\Desktop\maple\ui\node_modules\@rollup\rollup-darwin-x64
58 silly reify mark deleted [
58 silly reify   'C:\\Users\\Levi\\Desktop\\maple\\ui\\node_modules\\@rollup\\rollup-darwin-x64'
58 silly reify ]
59 verbose reify failed optional dependency C:\Users\Levi\Desktop\maple\ui\node_modules\@rollup\rollup-darwin-arm64
60 silly reify mark deleted [
60 silly reify   'C:\\Users\\Levi\\Desktop\\maple\\ui\\node_modules\\@rollup\\rollup-darwin-arm64'
60 silly reify ]
61 verbose reify failed optional dependency C:\Users\Levi\Desktop\maple\ui\node_modules\@rollup\rollup-android-arm64
62 silly reify mark deleted [
62 silly reify   'C:\\Users\\Levi\\Desktop\\maple\\ui\\node_modules\\@rollup\\rollup-android-arm64'
62 silly reify ]
63 verbose reify failed optional dependency C:\Users\Levi\Desktop\maple\ui\node_modules\@rollup\rollup-android-arm-eabi
64 silly reify mark deleted [
64 silly reify   'C:\\Users\\Levi\\Desktop\\maple\\ui\\node_modules\\@rollup\\rollup-android-arm-eabi'
64 silly reify ]
65 verbose reify failed optional dependency C:\Users\Levi\Desktop\maple\ui\node_modules\@napi-rs\lzma-linux-x64-gnu
66 silly reify mark deleted [
66 silly reify   'C:\\Users\\Levi\\Desktop\\maple\\ui\\node_modules\\@napi-rs\\lzma-linux-x64-gnu'
66 silly reify ]
67 verbose reify failed optional dependency C:\Users\Levi\Desktop\maple\ui\node_modules\@esbuild\win32-ia32
68 silly reify mark deleted [
68 silly reify   'C:\\Users\\Levi\\Desktop\\maple\\ui\\node_modules\\@esbuild\\win32-ia32'
68 silly reify ]
69 verbose reify failed optional dependency C:\Users\Levi\Desktop\maple\ui\node_modules\@esbuild\win32-arm64
70 silly reify mark deleted [
70 silly reify   'C:\\Users\\Levi\\Desktop\\maple\\ui\\node_modules\\@esbuild\\win32-arm64'
70 silly reify ]
71 verbose reify failed optional dependency C:\Users\Levi\Desktop\maple\ui\node_modules\@esbuild\sunos-x64
72 silly reify mark deleted [
72 silly reify   'C:\\Users\\Levi\\Desktop\\maple\\ui\\node_modules\\@esbuild\\sunos-x64'
72 silly reify ]
73 verbose reify failed optional dependency C:\Users\Levi\Desktop\maple\ui\node_modules\@esbuild\openharmony-arm64
74 silly reify mark deleted [
74 silly reify   'C:\\Users\\Levi\\Desktop\\maple\\ui\\node_modules\\@esbuild\\openharmony-arm64'
74 silly reify ]
75 verbose reify failed optional dependency C:\Users\Levi\Desktop\maple\ui\node_modules\@esbuild\openbsd-x64
76 silly reify mark deleted [
76 silly reify   'C:\\Users\\Levi\\Desktop\\maple\\ui\\node_modules\\@esbuild\\openbsd-x64'
76 silly reify ]
77 verbose reify failed optional dependency C:\Users\Levi\Desktop\maple\ui\node_modules\@esbuild\openbsd-arm64
78 silly reify mark deleted [
78 silly reify   'C:\\Users\\Levi\\Desktop\\maple\\ui\\node_modules\\@esbuild\\openbsd-arm64'
78 silly reify ]
79 verbose reify failed optional dependency C:\Users\Levi\Desktop\maple\ui\node_modules\@esbuild\netbsd-x64
80 silly reify mark deleted [
80 silly reify   'C:\\Users\\Levi\\Desktop\\maple\\ui\\node_modules\\@esbuild\\netbsd-x64'
80 silly reify ]
81 verbose reify failed optional dependency C:\Users\Levi\Desktop\maple\ui\node_modules\@esbuild\netbsd-arm64
82 silly reify mark deleted [
82 silly reify   'C:\\Users\\Levi\\Desktop\\maple\\ui\\node_modules\\@esbuild\\netbsd-arm64'
82 silly reify ]
83 verbose reify failed optional dependency C:\Users\Levi\Desktop\maple\ui\node_modules\@esbuild\linux-x64
84 silly reify mark deleted [
84 silly reify   'C:\\Users\\Levi\\Desktop\\maple\\ui\\node_modules\\@esbuild\\linux-x64'
84 silly reify ]
85 verbose reify failed optional dependency C:\Users\Levi\Desktop\maple\ui\node_modules\@esbuild\linux-s390x
86 silly reify mark deleted [
86 silly reify   'C:\\Users\\Levi\\Desktop\\maple\\ui\\node_modules\\@esbuild\\linux-s390x'
86 silly reify ]
87 verbose reify failed optional dependency C:\Users\Levi\Desktop\maple\ui\node_modules\@esbuild\linux-riscv64
88 silly reify mark deleted [
88 silly reify   'C:\\Users\\Levi\\Desktop\\maple\\ui\\node_modules\\@esbuild\\linux-riscv64'
88 silly reify ]
89 verbose reify failed optional dependency C:\Users\Levi\Desktop\maple\ui\node_modules\@esbuild\linux-ppc64
90 silly reify mark deleted [
90 silly reify   'C:\\Users\\Levi\\Desktop\\maple\\ui\\node_modules\\@esbuild\\linux-ppc64'
90 silly reify ]
91 verbose reify failed optional dependency C:\Users\Levi\Desktop\maple\ui\node_modules\@esbuild\linux-mips64el
92 silly reify mark deleted [
92 silly reify   'C:\\Users\\Levi\\Desktop\\maple\\ui\\node_modules\\@esbuild\\linux-mips64el'
92 silly reify ]
93 verbose reify failed optional dependency C:\Users\Levi\Desktop\maple\ui\node_modules\@esbuild\linux-loong64
94 silly reify mark deleted [
94 silly reify   'C:\\Users\\Levi\\Desktop\\maple\\ui\\node_modules\\@esbuild\\linux-loong64'
94 silly reify ]
95 verbose reify failed optional dependency C:\Users\Levi\Desktop\maple\ui\node_modules\@esbuild\linux-ia32
96 silly reify mark deleted [
96 silly reify   'C:\\Users\\Levi\\Desktop\\maple\\ui\\node_modules\\@esbuild\\linux-ia32'
96 silly reify ]
97 verbose reify failed optional dependency C:\Users\Levi\Desktop\maple\ui\node_modules\@esbuild\linux-arm64
98 silly reify mark deleted [
98 silly reify   'C:\\Users\\Levi\\Desktop\\maple\\ui\\node_modules\\@esbuild\\linux-arm64'
98 silly reify ]
99 verbose reify failed optional dependency C:\Users\Levi\Desktop\maple\ui\node_modules\@esbuild\linux-arm
100 silly reify mark deleted [
100 silly reify   'C:\\Users\\Levi\\Desktop\\maple\\ui\\node_modules\\@esbuild\\linux-arm'
100 silly reify ]
101 verbose reify failed optional dependency C:\Users\Levi\Desktop\maple\ui\node_modules\@esbuild\freebsd-x64
102 silly reify mark deleted [
102 silly reify   'C:\\Users\\Levi\\Desktop\\maple\\ui\\node_modules\\@esbuild\\freebsd-x64'
102 silly reify ]
103 verbose reify failed optional dependency C:\Users\Levi\Desktop\maple\ui\node_modules\@esbuild\freebsd-arm64
104 silly reify mark deleted [
104 silly reify   'C:\\Users\\Levi\\Desktop\\maple\\ui\\node_modules\\@esbuild\\freebsd-arm64'
104 silly reify ]
105 verbose reify failed optional dependency C:\Users\Levi\Desktop\maple\ui\node_modules\@esbuild\darwin-x64
106 silly reify mark deleted [
106 silly reify   'C:\\Users\\Levi\\Desktop\\maple\\ui\\node_modules\\@esbuild\\darwin-x64'
106 silly reify ]
107 verbose reify failed optional dependency C:\Users\Levi\Desktop\maple\ui\node_modules\@esbuild\darwin-arm64
108 silly reify mark deleted [
108 silly reify   'C:\\Users\\Levi\\Desktop\\maple\\ui\\node_modules\\@esbuild\\darwin-arm64'
108 silly reify ]
109 verbose reify failed optional dependency C:\Users\Levi\Desktop\maple\ui\node_modules\@esbuild\android-x64
110 silly reify mark deleted [
110 silly reify   'C:\\Users\\Levi\\Desktop\\maple\\ui\\node_modules\\@esbuild\\android-x64'
110 silly reify ]
111 verbose reify failed optional dependency C:\Users\Levi\Desktop\maple\ui\node_modules\@esbuild\android-arm64
112 silly reify mark deleted [
112 silly reify   'C:\\Users\\Levi\\Desktop\\maple\\ui\\node_modules\\@esbuild\\android-arm64'
112 silly reify ]
113 verbose reify failed optional dependency C:\Users\Levi\Desktop\maple\ui\node_modules\@esbuild\android-arm
114 silly reify mark deleted [
114 silly reify   'C:\\Users\\Levi\\Desktop\\maple\\ui\\node_modules\\@esbuild\\android-arm'
114 silly reify ]
115 verbose reify failed optional dependency C:\Users\Levi\Desktop\maple\ui\node_modules\@esbuild\aix-ppc64
116 silly reify mark deleted [
116 silly reify   'C:\\Users\\Levi\\Desktop\\maple\\ui\\node_modules\\@esbuild\\aix-ppc64'
116 silly reify ]
117 http cache zustand@https://registry.npmjs.org/zustand/-/zustand-5.0.15.tgz 0ms (cache hit)
118 http cache yocto-queue@https://registry.npmjs.org/yocto-queue/-/yocto-queue-0.1.0.tgz 0ms (cache hit)
119 http cache zod-validation-error@https://registry.npmjs.org/zod-validation-error/-/zod-validation-error-4.0.2.tgz 0ms (cache hit)
120 http cache zod@https://registry.npmjs.org/zod/-/zod-3.25.76.tgz 0ms (cache hit)
121 http cache xml-name-validator@https://registry.npmjs.org/xml-name-validator/-/xml-name-validator-5.0.0.tgz 0ms (cache hit)
122 http cache yallist@https://registry.npmjs.org/yallist/-/yallist-3.1.1.tgz 0ms (cache hit)
123 http cache xmlchars@https://registry.npmjs.org/xmlchars/-/xmlchars-2.2.0.tgz 0ms (cache hit)
124 http cache why-is-node-running@https://registry.npmjs.org/why-is-node-running/-/why-is-node-running-2.3.0.tgz 0ms (cache hit)
125 http cache word-wrap@https://registry.npmjs.org/word-wrap/-/word-wrap-1.2.5.tgz 0ms (cache hit)
126 http cache ws@https://registry.npmjs.org/ws/-/ws-8.21.3.tgz 0ms (cache hit)
127 http cache which@https://registry.npmjs.org/which/-/which-2.0.2.tgz 0ms (cache hit)
128 http cache whatwg-url@https://registry.npmjs.org/whatwg-url/-/whatwg-url-14.2.0.tgz 0ms (cache hit)
129 http cache whatwg-encoding@https://registry.npmjs.org/whatwg-encoding/-/whatwg-encoding-3.1.1.tgz 0ms (cache hit)
130 http cache whatwg-mimetype@https://registry.npmjs.org/whatwg-mimetype/-/whatwg-mimetype-4.0.0.tgz 0ms (cache hit)
131 http cache webidl-conversions@https://registry.npmjs.org/webidl-conversions/-/webidl-conversions-7.0.0.tgz 0ms (cache hit)
132 http cache w3c-xmlserializer@https://registry.npmjs.org/w3c-xmlserializer/-/w3c-xmlserializer-5.0.0.tgz 0ms (cache hit)
133 http cache vite@https://registry.npmjs.org/vite/-/vite-6.4.3.tgz 0ms (cache hit)
134 http cache uri-js@https://registry.npmjs.org/uri-js/-/uri-js-4.4.1.tgz 0ms (cache hit)
135 http cache update-browserslist-db@https://registry.npmjs.org/update-browserslist-db/-/update-browserslist-db-1.3.1.tgz 0ms (cache hit)
136 http cache undici-types@https://registry.npmjs.org/undici-types/-/undici-types-6.21.0.tgz 0ms (cache hit)
137 http cache typescript-eslint@https://registry.npmjs.org/typescript-eslint/-/typescript-eslint-8.67.0.tgz 0ms (cache hit)
138 http cache vite-node@https://registry.npmjs.org/vite-node/-/vite-node-3.2.4.tgz 0ms (cache hit)
139 http cache vitest@https://registry.npmjs.org/vitest/-/vitest-3.2.7.tgz 0ms (cache hit)
140 http cache typescript@https://registry.npmjs.org/typescript/-/typescript-5.9.3.tgz 0ms (cache hit)
141 http cache type-check@https://registry.npmjs.org/type-check/-/type-check-0.4.0.tgz 0ms (cache hit)
142 http cache tr46@https://registry.npmjs.org/tr46/-/tr46-5.1.1.tgz 0ms (cache hit)
143 http cache tough-cookie@https://registry.npmjs.org/tough-cookie/-/tough-cookie-5.1.2.tgz 0ms (cache hit)
144 http cache tldts-core@https://registry.npmjs.org/tldts-core/-/tldts-core-6.1.86.tgz 0ms (cache hit)
145 http cache ts-api-utils@https://registry.npmjs.org/ts-api-utils/-/ts-api-utils-2.5.0.tgz 0ms (cache hit)
146 http cache tinyspy@https://registry.npmjs.org/tinyspy/-/tinyspy-4.0.4.tgz 0ms (cache hit)
147 http cache tinyrainbow@https://registry.npmjs.org/tinyrainbow/-/tinyrainbow-2.0.0.tgz 0ms (cache hit)
148 http cache tinypool@https://registry.npmjs.org/tinypool/-/tinypool-1.1.1.tgz 0ms (cache hit)
149 http cache tinyglobby@https://registry.npmjs.org/tinyglobby/-/tinyglobby-0.2.17.tgz 0ms (cache hit)
150 http cache tinyexec@https://registry.npmjs.org/tinyexec/-/tinyexec-0.3.2.tgz 0ms (cache hit)
151 http cache tldts@https://registry.npmjs.org/tldts/-/tldts-6.1.86.tgz 0ms (cache hit)
152 http cache tinybench@https://registry.npmjs.org/tinybench/-/tinybench-2.9.0.tgz 0ms (cache hit)
153 http cache throttle-debounce@https://registry.npmjs.org/throttle-debounce/-/throttle-debounce-5.0.2.tgz 0ms (cache hit)
154 http cache stylis@https://registry.npmjs.org/stylis/-/stylis-4.4.0.tgz 0ms (cache hit)
155 http cache symbol-tree@https://registry.npmjs.org/symbol-tree/-/symbol-tree-3.2.4.tgz 0ms (cache hit)
156 http cache strip-literal@https://registry.npmjs.org/strip-literal/-/strip-literal-3.1.0.tgz 0ms (cache hit)
157 http cache strip-indent@https://registry.npmjs.org/strip-indent/-/strip-indent-3.0.0.tgz 0ms (cache hit)
158 http cache string-convert@https://registry.npmjs.org/string-convert/-/string-convert-0.2.1.tgz 0ms (cache hit)
159 http cache stackback@https://registry.npmjs.org/stackback/-/stackback-0.0.2.tgz 0ms (cache hit)
160 http cache siginfo@https://registry.npmjs.org/siginfo/-/siginfo-2.0.0.tgz 0ms (cache hit)
161 http cache semver@https://registry.npmjs.org/semver/-/semver-6.3.1.tgz 0ms (cache hit)
162 http cache shebang-command@https://registry.npmjs.org/shebang-command/-/shebang-command-2.0.0.tgz 0ms (cache hit)
163 http cache scroll-into-view-if-needed@https://registry.npmjs.org/scroll-into-view-if-needed/-/scroll-into-view-if-needed-3.1.0.tgz 0ms (cache hit)
164 http cache saxes@https://registry.npmjs.org/saxes/-/saxes-6.0.0.tgz 0ms (cache hit)
165 http cache std-env@https://registry.npmjs.org/std-env/-/std-env-3.10.0.tgz 0ms (cache hit)
166 http cache scheduler@https://registry.npmjs.org/scheduler/-/scheduler-0.27.0.tgz 0ms (cache hit)
167 http cache source-map-js@https://registry.npmjs.org/source-map-js/-/source-map-js-1.2.1.tgz 0ms (cache hit)
168 http cache safer-buffer@https://registry.npmjs.org/safer-buffer/-/safer-buffer-2.1.2.tgz 0ms (cache hit)
169 http cache rrweb-cssom@https://registry.npmjs.org/rrweb-cssom/-/rrweb-cssom-0.8.0.tgz 0ms (cache hit)
170 http cache rollup@https://registry.npmjs.org/rollup/-/rollup-4.62.4.tgz 0ms (cache hit)
171 http cache redent@https://registry.npmjs.org/redent/-/redent-3.0.0.tgz 0ms (cache hit)
172 http cache shebang-regex@https://registry.npmjs.org/shebang-regex/-/shebang-regex-3.0.0.tgz 0ms (cache hit)
173 http cache react-is@https://registry.npmjs.org/react-is/-/react-is-17.0.2.tgz 0ms (cache hit)
174 http cache react-refresh@https://registry.npmjs.org/react-refresh/-/react-refresh-0.17.0.tgz 0ms (cache hit)
175 http cache react-dom@https://registry.npmjs.org/react-dom/-/react-dom-19.2.8.tgz 0ms (cache hit)
176 http cache require-from-string@https://registry.npmjs.org/require-from-string/-/require-from-string-2.0.2.tgz 0ms (cache hit)
177 http cache react@https://registry.npmjs.org/react/-/react-19.2.8.tgz 0ms (cache hit)
178 http cache punycode@https://registry.npmjs.org/punycode/-/punycode-2.3.1.tgz 0ms (cache hit)
179 http cache pretty-format@https://registry.npmjs.org/pretty-format/-/pretty-format-27.5.1.tgz 0ms (cache hit)
180 http cache prelude-ls@https://registry.npmjs.org/prelude-ls/-/prelude-ls-1.2.1.tgz 0ms (cache hit)
181 http cache postcss@https://registry.npmjs.org/postcss/-/postcss-8.5.26.tgz 0ms (cache hit)
182 http cache picomatch@https://registry.npmjs.org/picomatch/-/picomatch-4.0.5.tgz 0ms (cache hit)
183 http cache playwright@https://registry.npmjs.org/playwright/-/playwright-1.62.1.tgz 0ms (cache hit)
184 http cache playwright-core@https://registry.npmjs.org/playwright-core/-/playwright-core-1.62.1.tgz 0ms (cache hit)
185 http cache pathval@https://registry.npmjs.org/pathval/-/pathval-2.0.1.tgz 0ms (cache hit)
186 http cache path-key@https://registry.npmjs.org/path-key/-/path-key-3.1.1.tgz 0ms (cache hit)
187 http cache pathe@https://registry.npmjs.org/pathe/-/pathe-2.0.3.tgz 0ms (cache hit)
188 http cache picocolors@https://registry.npmjs.org/picocolors/-/picocolors-1.1.1.tgz 0ms (cache hit)
189 http cache path-exists@https://registry.npmjs.org/path-exists/-/path-exists-4.0.0.tgz 0ms (cache hit)
190 http cache p-locate@https://registry.npmjs.org/p-locate/-/p-locate-5.0.0.tgz 0ms (cache hit)
191 http cache parse5@https://registry.npmjs.org/parse5/-/parse5-7.3.0.tgz 0ms (cache hit)
192 http cache optionator@https://registry.npmjs.org/optionator/-/optionator-0.9.4.tgz 0ms (cache hit)
193 http cache p-limit@https://registry.npmjs.org/p-limit/-/p-limit-3.1.0.tgz 0ms (cache hit)
194 http cache nwsapi@https://registry.npmjs.org/nwsapi/-/nwsapi-2.2.24.tgz 0ms (cache hit)
195 http cache node-releases@https://registry.npmjs.org/node-releases/-/node-releases-2.0.53.tgz 0ms (cache hit)
196 http cache natural-compare@https://registry.npmjs.org/natural-compare/-/natural-compare-1.4.0.tgz 0ms (cache hit)
197 http cache ms@https://registry.npmjs.org/ms/-/ms-2.1.3.tgz 0ms (cache hit)
198 http cache nanoid@https://registry.npmjs.org/nanoid/-/nanoid-3.3.18.tgz 0ms (cache hit)
199 http cache minimatch@https://registry.npmjs.org/minimatch/-/minimatch-10.2.6.tgz 0ms (cache hit)
200 http cache magic-string@https://registry.npmjs.org/magic-string/-/magic-string-0.30.21.tgz 0ms (cache hit)
201 http cache min-indent@https://registry.npmjs.org/min-indent/-/min-indent-1.0.1.tgz 0ms (cache hit)
202 http cache lz-string@https://registry.npmjs.org/lz-string/-/lz-string-1.5.0.tgz 0ms (cache hit)
203 http cache lru-cache@https://registry.npmjs.org/lru-cache/-/lru-cache-5.1.1.tgz 0ms (cache hit)
204 http cache loupe@https://registry.npmjs.org/loupe/-/loupe-3.2.1.tgz 0ms (cache hit)
205 http cache locate-path@https://registry.npmjs.org/locate-path/-/locate-path-6.0.0.tgz 0ms (cache hit)
206 http cache levn@https://registry.npmjs.org/levn/-/levn-0.4.1.tgz 0ms (cache hit)
207 http cache keyv@https://registry.npmjs.org/keyv/-/keyv-4.5.4.tgz 0ms (cache hit)
208 http cache json5@https://registry.npmjs.org/json5/-/json5-2.2.3.tgz 0ms (cache hit)
209 http cache json2mq@https://registry.npmjs.org/json2mq/-/json2mq-0.2.0.tgz 0ms (cache hit)
210 http cache json-schema-traverse@https://registry.npmjs.org/json-schema-traverse/-/json-schema-traverse-1.0.0.tgz 0ms (cache hit)
211 http cache json-buffer@https://registry.npmjs.org/json-buffer/-/json-buffer-3.0.1.tgz 0ms (cache hit)
212 http cache json-stable-stringify-without-jsonify@https://registry.npmjs.org/json-stable-stringify-without-jsonify/-/json-stable-stringify-without-jsonify-1.0.1.tgz 0ms (cache hit)
213 http cache jsesc@https://registry.npmjs.org/jsesc/-/jsesc-3.1.0.tgz 0ms (cache hit)
214 http cache jsdom@https://registry.npmjs.org/jsdom/-/jsdom-26.1.0.tgz 0ms (cache hit)
215 http cache isexe@https://registry.npmjs.org/isexe/-/isexe-2.0.0.tgz 0ms (cache hit)
216 http cache is-mobile@https://registry.npmjs.org/is-mobile/-/is-mobile-5.0.0.tgz 0ms (cache hit)
217 http cache is-glob@https://registry.npmjs.org/is-glob/-/is-glob-4.0.3.tgz 0ms (cache hit)
218 http cache js-tokens@https://registry.npmjs.org/js-tokens/-/js-tokens-9.0.1.tgz 0ms (cache hit)
219 http cache is-potential-custom-element-name@https://registry.npmjs.org/is-potential-custom-element-name/-/is-potential-custom-element-name-1.0.1.tgz 0ms (cache hit)
220 http cache is-extglob@https://registry.npmjs.org/is-extglob/-/is-extglob-2.1.1.tgz 0ms (cache hit)
221 http cache imurmurhash@https://registry.npmjs.org/imurmurhash/-/imurmurhash-0.1.4.tgz 0ms (cache hit)
222 http cache indent-string@https://registry.npmjs.org/indent-string/-/indent-string-4.0.0.tgz 0ms (cache hit)
223 http cache ignore@https://registry.npmjs.org/ignore/-/ignore-5.3.2.tgz 0ms (cache hit)
224 http cache iconv-lite@https://registry.npmjs.org/iconv-lite/-/iconv-lite-0.6.3.tgz 0ms (cache hit)
225 http cache https-proxy-agent@https://registry.npmjs.org/https-proxy-agent/-/https-proxy-agent-7.0.6.tgz 0ms (cache hit)
226 http cache http-proxy-agent@https://registry.npmjs.org/http-proxy-agent/-/http-proxy-agent-7.0.2.tgz 0ms (cache hit)
227 http cache html-encoding-sniffer@https://registry.npmjs.org/html-encoding-sniffer/-/html-encoding-sniffer-4.0.0.tgz 0ms (cache hit)
228 http cache hermes-parser@https://registry.npmjs.org/hermes-parser/-/hermes-parser-0.25.1.tgz 0ms (cache hit)
229 http cache hermes-estree@https://registry.npmjs.org/hermes-estree/-/hermes-estree-0.25.1.tgz 0ms (cache hit)
230 http cache globals@https://registry.npmjs.org/globals/-/globals-17.11.0.tgz 0ms (cache hit)
231 http cache gensync@https://registry.npmjs.org/gensync/-/gensync-1.0.0-beta.2.tgz 0ms (cache hit)
232 http cache glob-parent@https://registry.npmjs.org/glob-parent/-/glob-parent-6.0.2.tgz 0ms (cache hit)
233 http cache flatted@https://registry.npmjs.org/flatted/-/flatted-3.4.4.tgz 0ms (cache hit)
234 http cache find-up@https://registry.npmjs.org/find-up/-/find-up-5.0.0.tgz 0ms (cache hit)
235 http cache flat-cache@https://registry.npmjs.org/flat-cache/-/flat-cache-4.0.1.tgz 0ms (cache hit)
236 http cache file-entry-cache@https://registry.npmjs.org/file-entry-cache/-/file-entry-cache-8.0.0.tgz 0ms (cache hit)
237 http cache fdir@https://registry.npmjs.org/fdir/-/fdir-6.5.0.tgz 0ms (cache hit)
238 http cache fast-uri@https://registry.npmjs.org/fast-uri/-/fast-uri-3.1.5.tgz 0ms (cache hit)
239 http cache fast-levenshtein@https://registry.npmjs.org/fast-levenshtein/-/fast-levenshtein-2.0.6.tgz 0ms (cache hit)
240 http cache fast-json-stable-stringify@https://registry.npmjs.org/fast-json-stable-stringify/-/fast-json-stable-stringify-2.1.0.tgz 0ms (cache hit)
241 http cache fast-deep-equal@https://registry.npmjs.org/fast-deep-equal/-/fast-deep-equal-3.1.3.tgz 0ms (cache hit)
242 http cache expect-type@https://registry.npmjs.org/expect-type/-/expect-type-1.4.0.tgz 0ms (cache hit)
243 http cache esutils@https://registry.npmjs.org/esutils/-/esutils-2.0.3.tgz 0ms (cache hit)
244 http cache estree-walker@https://registry.npmjs.org/estree-walker/-/estree-walker-3.0.3.tgz 0ms (cache hit)
245 http cache esrecurse@https://registry.npmjs.org/esrecurse/-/esrecurse-4.3.0.tgz 0ms (cache hit)
246 http cache esquery@https://registry.npmjs.org/esquery/-/esquery-1.7.0.tgz 0ms (cache hit)
247 http cache eslint-visitor-keys@https://registry.npmjs.org/eslint-visitor-keys/-/eslint-visitor-keys-5.0.1.tgz 0ms (cache hit)
248 http cache estraverse@https://registry.npmjs.org/estraverse/-/estraverse-5.3.0.tgz 0ms (cache hit)
249 http cache eslint-scope@https://registry.npmjs.org/eslint-scope/-/eslint-scope-9.1.2.tgz 0ms (cache hit)
250 http cache eslint-plugin-react-refresh@https://registry.npmjs.org/eslint-plugin-react-refresh/-/eslint-plugin-react-refresh-0.5.4.tgz 0ms (cache hit)
251 http cache eslint-plugin-react-hooks@https://registry.npmjs.org/eslint-plugin-react-hooks/-/eslint-plugin-react-hooks-7.1.1.tgz 0ms (cache hit)
252 http cache eslint@https://registry.npmjs.org/eslint/-/eslint-10.8.1.tgz 0ms (cache hit)
253 http cache escalade@https://registry.npmjs.org/escalade/-/escalade-3.2.0.tgz 0ms (cache hit)
254 http cache esbuild@https://registry.npmjs.org/esbuild/-/esbuild-0.25.12.tgz 0ms (cache hit)
255 http cache escape-string-regexp@https://registry.npmjs.org/escape-string-regexp/-/escape-string-regexp-4.0.0.tgz 0ms (cache hit)
256 http cache espree@https://registry.npmjs.org/espree/-/espree-11.2.0.tgz 0ms (cache hit)
257 http cache entities@https://registry.npmjs.org/entities/-/entities-6.0.1.tgz 0ms (cache hit)
258 http cache electron-to-chromium@https://registry.npmjs.org/electron-to-chromium/-/electron-to-chromium-1.5.406.tgz 0ms (cache hit)
259 http cache dom-accessibility-api@https://registry.npmjs.org/dom-accessibility-api/-/dom-accessibility-api-0.5.16.tgz 0ms (cache hit)
260 http cache dequal@https://registry.npmjs.org/dequal/-/dequal-2.0.3.tgz 0ms (cache hit)
261 http cache deep-is@https://registry.npmjs.org/deep-is/-/deep-is-0.1.4.tgz 0ms (cache hit)
262 http cache deep-eql@https://registry.npmjs.org/deep-eql/-/deep-eql-5.0.2.tgz 0ms (cache hit)
263 http cache decimal.js@https://registry.npmjs.org/decimal.js/-/decimal.js-10.6.0.tgz 0ms (cache hit)
264 http cache debug@https://registry.npmjs.org/debug/-/debug-4.4.3.tgz 0ms (cache hit)
265 http cache dayjs@https://registry.npmjs.org/dayjs/-/dayjs-1.11.21.tgz 0ms (cache hit)
266 http cache data-urls@https://registry.npmjs.org/data-urls/-/data-urls-5.0.0.tgz 0ms (cache hit)
267 http cache csstype@https://registry.npmjs.org/csstype/-/csstype-3.2.3.tgz 0ms (cache hit)
268 http cache cssstyle@https://registry.npmjs.org/cssstyle/-/cssstyle-4.6.0.tgz 0ms (cache hit)
269 http cache cross-spawn@https://registry.npmjs.org/cross-spawn/-/cross-spawn-7.0.6.tgz 0ms (cache hit)
270 http cache css.escape@https://registry.npmjs.org/css.escape/-/css.escape-1.5.1.tgz 0ms (cache hit)
271 http cache es-module-lexer@https://registry.npmjs.org/es-module-lexer/-/es-module-lexer-1.7.0.tgz 0ms (cache hit)
272 http cache convert-source-map@https://registry.npmjs.org/convert-source-map/-/convert-source-map-2.0.0.tgz 0ms (cache hit)
273 http cache compute-scroll-into-view@https://registry.npmjs.org/compute-scroll-into-view/-/compute-scroll-into-view-3.1.1.tgz 0ms (cache hit)
274 http cache check-error@https://registry.npmjs.org/check-error/-/check-error-2.1.3.tgz 0ms (cache hit)
275 http cache clsx@https://registry.npmjs.org/clsx/-/clsx-2.1.1.tgz 0ms (cache hit)
276 http cache chai@https://registry.npmjs.org/chai/-/chai-5.3.3.tgz 0ms (cache hit)
277 http cache caniuse-lite@https://registry.npmjs.org/caniuse-lite/-/caniuse-lite-1.0.30001809.tgz 0ms (cache hit)
278 http cache browserslist@https://registry.npmjs.org/browserslist/-/browserslist-4.28.8.tgz 0ms (cache hit)
279 http cache cac@https://registry.npmjs.org/cac/-/cac-6.7.14.tgz 0ms (cache hit)
280 http cache brace-expansion@https://registry.npmjs.org/brace-expansion/-/brace-expansion-5.0.9.tgz 0ms (cache hit)
281 http cache baseline-browser-mapping@https://registry.npmjs.org/baseline-browser-mapping/-/baseline-browser-mapping-2.11.14.tgz 0ms (cache hit)
282 http cache balanced-match@https://registry.npmjs.org/balanced-match/-/balanced-match-4.0.4.tgz 0ms (cache hit)
283 http cache assertion-error@https://registry.npmjs.org/assertion-error/-/assertion-error-2.0.1.tgz 0ms (cache hit)
284 http cache aria-query@https://registry.npmjs.org/aria-query/-/aria-query-5.3.0.tgz 0ms (cache hit)
285 http cache antd@https://registry.npmjs.org/antd/-/antd-6.6.0.tgz 0ms (cache hit)
286 http cache ansi-styles@https://registry.npmjs.org/ansi-styles/-/ansi-styles-5.2.0.tgz 0ms (cache hit)
287 http cache ansi-regex@https://registry.npmjs.org/ansi-regex/-/ansi-regex-5.0.1.tgz 0ms (cache hit)
288 http cache ajv-formats@https://registry.npmjs.org/ajv-formats/-/ajv-formats-3.0.1.tgz 0ms (cache hit)
289 http cache agent-base@https://registry.npmjs.org/agent-base/-/agent-base-7.1.4.tgz 0ms (cache hit)
290 http cache ajv@https://registry.npmjs.org/ajv/-/ajv-8.20.0.tgz 0ms (cache hit)
291 http cache acorn@https://registry.npmjs.org/acorn/-/acorn-8.18.0.tgz 0ms (cache hit)
292 http cache acorn-jsx@https://registry.npmjs.org/acorn-jsx/-/acorn-jsx-5.3.2.tgz 0ms (cache hit)
293 http cache @vitest/utils@https://registry.npmjs.org/@vitest/utils/-/utils-3.2.7.tgz 0ms (cache hit)
294 http cache @vitest/spy@https://registry.npmjs.org/@vitest/spy/-/spy-3.2.7.tgz 0ms (cache hit)
295 http cache @vitest/runner@https://registry.npmjs.org/@vitest/runner/-/runner-3.2.7.tgz 0ms (cache hit)
296 http cache @vitest/snapshot@https://registry.npmjs.org/@vitest/snapshot/-/snapshot-3.2.7.tgz 0ms (cache hit)
297 http cache @vitejs/plugin-react@https://registry.npmjs.org/@vitejs/plugin-react/-/plugin-react-4.7.0.tgz 0ms (cache hit)
298 http cache @typescript-eslint/visitor-keys@https://registry.npmjs.org/@typescript-eslint/visitor-keys/-/visitor-keys-8.67.0.tgz 0ms (cache hit)
299 http cache @vitest/pretty-format@https://registry.npmjs.org/@vitest/pretty-format/-/pretty-format-3.2.7.tgz 0ms (cache hit)
300 http cache @vitest/mocker@https://registry.npmjs.org/@vitest/mocker/-/mocker-3.2.7.tgz 0ms (cache hit)
301 http cache @vitest/expect@https://registry.npmjs.org/@vitest/expect/-/expect-3.2.7.tgz 0ms (cache hit)
302 http cache @typescript-eslint/utils@https://registry.npmjs.org/@typescript-eslint/utils/-/utils-8.67.0.tgz 0ms (cache hit)
303 http cache @typescript-eslint/tsconfig-utils@https://registry.npmjs.org/@typescript-eslint/tsconfig-utils/-/tsconfig-utils-8.67.0.tgz 0ms (cache hit)
304 http cache @typescript-eslint/type-utils@https://registry.npmjs.org/@typescript-eslint/type-utils/-/type-utils-8.67.0.tgz 0ms (cache hit)
305 http cache @typescript-eslint/types@https://registry.npmjs.org/@typescript-eslint/types/-/types-8.67.0.tgz 0ms (cache hit)
306 http cache @typescript-eslint/typescript-estree@https://registry.npmjs.org/@typescript-eslint/typescript-estree/-/typescript-estree-8.67.0.tgz 0ms (cache hit)
307 http cache @types/node@https://registry.npmjs.org/@types/node/-/node-22.20.1.tgz 0ms (cache hit)
308 http cache @types/react-dom@https://registry.npmjs.org/@types/react-dom/-/react-dom-19.2.4.tgz 0ms (cache hit)
309 http cache @types/json-schema@https://registry.npmjs.org/@types/json-schema/-/json-schema-7.0.15.tgz 0ms (cache hit)
310 http cache @types/estree@https://registry.npmjs.org/@types/estree/-/estree-1.0.9.tgz 0ms (cache hit)
311 http cache @typescript-eslint/project-service@https://registry.npmjs.org/@typescript-eslint/project-service/-/project-service-8.67.0.tgz 0ms (cache hit)
312 http cache @typescript-eslint/scope-manager@https://registry.npmjs.org/@typescript-eslint/scope-manager/-/scope-manager-8.67.0.tgz 0ms (cache hit)
313 http cache @typescript-eslint/parser@https://registry.npmjs.org/@typescript-eslint/parser/-/parser-8.67.0.tgz 0ms (cache hit)
314 http cache @types/react@https://registry.npmjs.org/@types/react/-/react-19.2.18.tgz 0ms (cache hit)
315 http cache @typescript-eslint/eslint-plugin@https://registry.npmjs.org/@typescript-eslint/eslint-plugin/-/eslint-plugin-8.67.0.tgz 0ms (cache hit)
316 http cache @types/esrecurse@https://registry.npmjs.org/@types/esrecurse/-/esrecurse-4.3.1.tgz 0ms (cache hit)
317 http cache @types/deep-eql@https://registry.npmjs.org/@types/deep-eql/-/deep-eql-4.0.2.tgz 0ms (cache hit)
318 http cache @types/babel__traverse@https://registry.npmjs.org/@types/babel__traverse/-/babel__traverse-7.28.0.tgz 0ms (cache hit)
319 http cache @types/chai@https://registry.npmjs.org/@types/chai/-/chai-5.2.3.tgz 1ms (cache hit)
320 http cache @types/babel__template@https://registry.npmjs.org/@types/babel__template/-/babel__template-7.4.4.tgz 0ms (cache hit)
321 http cache @testing-library/react@https://registry.npmjs.org/@testing-library/react/-/react-16.3.2.tgz 0ms (cache hit)
322 http cache @testing-library/dom@https://registry.npmjs.org/@testing-library/dom/-/dom-10.4.1.tgz 0ms (cache hit)
323 http cache @types/babel__core@https://registry.npmjs.org/@types/babel__core/-/babel__core-7.20.5.tgz 0ms (cache hit)
324 http cache @rollup/rollup-win32-x64-msvc@https://registry.npmjs.org/@rollup/rollup-win32-x64-msvc/-/rollup-win32-x64-msvc-4.62.4.tgz 0ms (cache hit)
325 http cache @types/aria-query@https://registry.npmjs.org/@types/aria-query/-/aria-query-5.0.4.tgz 0ms (cache hit)
326 http cache @testing-library/jest-dom@https://registry.npmjs.org/@testing-library/jest-dom/-/jest-dom-6.9.1.tgz 0ms (cache hit)
327 http cache @types/babel__generator@https://registry.npmjs.org/@types/babel__generator/-/babel__generator-7.27.0.tgz 0ms (cache hit)
328 http cache @rollup/rollup-win32-x64-gnu@https://registry.npmjs.org/@rollup/rollup-win32-x64-gnu/-/rollup-win32-x64-gnu-4.62.4.tgz 0ms (cache hit)
329 http cache @rc-component/upload@https://registry.npmjs.org/@rc-component/upload/-/upload-1.1.1.tgz 0ms (cache hit)
330 http cache @rolldown/pluginutils@https://registry.npmjs.org/@rolldown/pluginutils/-/pluginutils-1.0.0-beta.27.tgz 0ms (cache hit)
331 http cache @rc-component/trigger@https://registry.npmjs.org/@rc-component/trigger/-/trigger-3.10.1.tgz 0ms (cache hit)
332 http cache @rc-component/virtual-list@https://registry.npmjs.org/@rc-component/virtual-list/-/virtual-list-1.5.1.tgz 0ms (cache hit)
333 http cache @rc-component/util@https://registry.npmjs.org/@rc-component/util/-/util-1.12.0.tgz 0ms (cache hit)
334 http cache @rc-component/tree@https://registry.npmjs.org/@rc-component/tree/-/tree-1.4.0.tgz 0ms (cache hit)
335 http cache @rc-component/tree-select@https://registry.npmjs.org/@rc-component/tree-select/-/tree-select-1.16.1.tgz 0ms (cache hit)
336 http cache @rc-component/tour@https://registry.npmjs.org/@rc-component/tour/-/tour-2.4.0.tgz 0ms (cache hit)
337 http cache @rc-component/tooltip@https://registry.npmjs.org/@rc-component/tooltip/-/tooltip-1.5.0.tgz 0ms (cache hit)
338 http cache @rc-component/table@https://registry.npmjs.org/@rc-component/table/-/table-1.11.1.tgz 0ms (cache hit)
339 http cache @rc-component/tabs@https://registry.npmjs.org/@rc-component/tabs/-/tabs-1.12.0.tgz 0ms (cache hit)
340 http cache @rc-component/switch@https://registry.npmjs.org/@rc-component/switch/-/switch-1.0.3.tgz 0ms (cache hit)
341 http cache @rc-component/slider@https://registry.npmjs.org/@rc-component/slider/-/slider-1.1.1.tgz 0ms (cache hit)
342 http cache @rc-component/select@https://registry.npmjs.org/@rc-component/select/-/select-1.10.1.tgz 0ms (cache hit)
343 http cache @rc-component/steps@https://registry.npmjs.org/@rc-component/steps/-/steps-1.2.2.tgz 0ms (cache hit)
344 http cache @rc-component/qrcode@https://registry.npmjs.org/@rc-component/qrcode/-/qrcode-2.0.0.tgz 0ms (cache hit)
345 http cache @rc-component/resize-observer@https://registry.npmjs.org/@rc-component/resize-observer/-/resize-observer-1.1.2.tgz 0ms (cache hit)
346 http cache @rc-component/segmented@https://registry.npmjs.org/@rc-component/segmented/-/segmented-1.3.0.tgz 0ms (cache hit)
347 http cache @rc-component/rate@https://registry.npmjs.org/@rc-component/rate/-/rate-1.0.1.tgz 0ms (cache hit)
348 http cache @rc-component/progress@https://registry.npmjs.org/@rc-component/progress/-/progress-1.0.2.tgz 0ms (cache hit)
349 http cache @rc-component/overflow@https://registry.npmjs.org/@rc-component/overflow/-/overflow-1.0.1.tgz 0ms (cache hit)
350 http cache @rc-component/picker@https://registry.npmjs.org/@rc-component/picker/-/picker-1.12.0.tgz 0ms (cache hit)
351 http cache @rc-component/portal@https://registry.npmjs.org/@rc-component/portal/-/portal-2.2.1.tgz 0ms (cache hit)
352 http cache @rc-component/notification@https://registry.npmjs.org/@rc-component/notification/-/notification-2.0.7.tgz 0ms (cache hit)
353 http cache @rc-component/pagination@https://registry.npmjs.org/@rc-component/pagination/-/pagination-1.4.0.tgz 0ms (cache hit)
354 http cache @rc-component/motion@https://registry.npmjs.org/@rc-component/motion/-/motion-1.3.3.tgz 0ms (cache hit)
355 http cache @rc-component/mini-decimal@https://registry.npmjs.org/@rc-component/mini-decimal/-/mini-decimal-1.1.4.tgz 0ms (cache hit)
356 http cache @rc-component/menu@https://registry.npmjs.org/@rc-component/menu/-/menu-1.4.1.tgz 0ms (cache hit)
357 http cache @rc-component/input-number@https://registry.npmjs.org/@rc-component/input-number/-/input-number-1.6.2.tgz 0ms (cache hit)
358 http cache @rc-component/mentions@https://registry.npmjs.org/@rc-component/mentions/-/mentions-1.11.0.tgz 0ms (cache hit)
359 http cache @rc-component/mutate-observer@https://registry.npmjs.org/@rc-component/mutate-observer/-/mutate-observer-2.0.1.tgz 0ms (cache hit)
360 http cache @rc-component/input@https://registry.npmjs.org/@rc-component/input/-/input-1.3.1.tgz 0ms (cache hit)
361 http cache @rc-component/listy@https://registry.npmjs.org/@rc-component/listy/-/listy-1.2.3.tgz 0ms (cache hit)
362 http cache @rc-component/form@https://registry.npmjs.org/@rc-component/form/-/form-1.8.6.tgz 0ms (cache hit)
363 http cache @rc-component/dropdown@https://registry.npmjs.org/@rc-component/dropdown/-/dropdown-1.0.3.tgz 0ms (cache hit)
364 http cache @rc-component/image@https://registry.npmjs.org/@rc-component/image/-/image-1.10.0.tgz 0ms (cache hit)
365 http cache @rc-component/drawer@https://registry.npmjs.org/@rc-component/drawer/-/drawer-1.4.2.tgz 0ms (cache hit)
366 http cache @rc-component/color-picker@https://registry.npmjs.org/@rc-component/color-picker/-/color-picker-3.1.1.tgz 0ms (cache hit)
367 http cache @rc-component/dialog@https://registry.npmjs.org/@rc-component/dialog/-/dialog-1.10.0.tgz 0ms (cache hit)
368 http cache @rc-component/collapse@https://registry.npmjs.org/@rc-component/collapse/-/collapse-1.2.0.tgz 0ms (cache hit)
369 http cache @rc-component/checkbox@https://registry.npmjs.org/@rc-component/checkbox/-/checkbox-2.0.0.tgz 0ms (cache hit)
370 http cache @playwright/test@https://registry.npmjs.org/@playwright/test/-/test-1.62.1.tgz 0ms (cache hit)
371 http cache @rc-component/cascader@https://registry.npmjs.org/@rc-component/cascader/-/cascader-1.22.0.tgz 0ms (cache hit)
372 http cache @rc-component/context@https://registry.npmjs.org/@rc-component/context/-/context-2.0.2.tgz 0ms (cache hit)
373 http cache @rc-component/async-validator@https://registry.npmjs.org/@rc-component/async-validator/-/async-validator-6.0.0.tgz 0ms (cache hit)
374 http cache @jridgewell/trace-mapping@https://registry.npmjs.org/@jridgewell/trace-mapping/-/trace-mapping-0.3.31.tgz 0ms (cache hit)
375 http cache @jridgewell/resolve-uri@https://registry.npmjs.org/@jridgewell/resolve-uri/-/resolve-uri-3.1.2.tgz 0ms (cache hit)
376 http cache @jridgewell/remapping@https://registry.npmjs.org/@jridgewell/remapping/-/remapping-2.3.5.tgz 0ms (cache hit)
377 http cache @jridgewell/gen-mapping@https://registry.npmjs.org/@jridgewell/gen-mapping/-/gen-mapping-0.3.13.tgz 0ms (cache hit)
378 http cache @humanfs/types@https://registry.npmjs.org/@humanfs/types/-/types-0.15.0.tgz 0ms (cache hit)
379 http cache @jridgewell/sourcemap-codec@https://registry.npmjs.org/@jridgewell/sourcemap-codec/-/sourcemap-codec-1.5.5.tgz 0ms (cache hit)
380 http cache @humanwhocodes/retry@https://registry.npmjs.org/@humanwhocodes/retry/-/retry-0.4.3.tgz 0ms (cache hit)
381 http cache @humanwhocodes/module-importer@https://registry.npmjs.org/@humanwhocodes/module-importer/-/module-importer-1.0.1.tgz 0ms (cache hit)
382 http cache @fontsource/noto-sans-sc@https://registry.npmjs.org/@fontsource/noto-sans-sc/-/noto-sans-sc-5.3.0.tgz 0ms (cache hit)
383 http cache @humanfs/node@https://registry.npmjs.org/@humanfs/node/-/node-0.16.8.tgz 0ms (cache hit)
384 http cache @humanfs/core@https://registry.npmjs.org/@humanfs/core/-/core-0.19.2.tgz 0ms (cache hit)
385 http cache @eslint/plugin-kit@https://registry.npmjs.org/@eslint/plugin-kit/-/plugin-kit-0.7.2.tgz 0ms (cache hit)
386 http cache @eslint/js@https://registry.npmjs.org/@eslint/js/-/js-10.0.1.tgz 0ms (cache hit)
387 http cache @eslint/object-schema@https://registry.npmjs.org/@eslint/object-schema/-/object-schema-3.0.5.tgz 0ms (cache hit)
388 http cache @eslint/core@https://registry.npmjs.org/@eslint/core/-/core-1.2.1.tgz 0ms (cache hit)
389 http cache @eslint/config-helpers@https://registry.npmjs.org/@eslint/config-helpers/-/config-helpers-0.7.0.tgz 0ms (cache hit)
390 http cache @eslint/config-array@https://registry.npmjs.org/@eslint/config-array/-/config-array-0.23.5.tgz 0ms (cache hit)
391 http cache @emotion/unitless@https://registry.npmjs.org/@emotion/unitless/-/unitless-0.7.5.tgz 0ms (cache hit)
392 http cache @eslint-community/eslint-utils@https://registry.npmjs.org/@eslint-community/eslint-utils/-/eslint-utils-4.10.1.tgz 0ms (cache hit)
393 http cache @esbuild/win32-x64@https://registry.npmjs.org/@esbuild/win32-x64/-/win32-x64-0.25.12.tgz 0ms (cache hit)
394 http cache @eslint-community/regexpp@https://registry.npmjs.org/@eslint-community/regexpp/-/regexpp-4.12.2.tgz 0ms (cache hit)
395 http cache @emotion/hash@https://registry.npmjs.org/@emotion/hash/-/hash-0.8.0.tgz 0ms (cache hit)
396 http cache @csstools/css-tokenizer@https://registry.npmjs.org/@csstools/css-tokenizer/-/css-tokenizer-3.0.4.tgz 0ms (cache hit)
397 http cache @babel/types@https://registry.npmjs.org/@babel/types/-/types-7.29.8.tgz 0ms (cache hit)
398 http cache @csstools/css-parser-algorithms@https://registry.npmjs.org/@csstools/css-parser-algorithms/-/css-parser-algorithms-3.0.5.tgz 0ms (cache hit)
399 http cache @csstools/css-color-parser@https://registry.npmjs.org/@csstools/css-color-parser/-/css-color-parser-3.1.0.tgz 0ms (cache hit)
400 http cache @csstools/css-calc@https://registry.npmjs.org/@csstools/css-calc/-/css-calc-2.1.4.tgz 0ms (cache hit)
401 http cache @csstools/color-helpers@https://registry.npmjs.org/@csstools/color-helpers/-/color-helpers-5.1.0.tgz 0ms (cache hit)
402 http cache @babel/template@https://registry.npmjs.org/@babel/template/-/template-7.29.7.tgz 0ms (cache hit)
403 http cache @babel/runtime@https://registry.npmjs.org/@babel/runtime/-/runtime-7.29.7.tgz 0ms (cache hit)
404 http cache @babel/traverse@https://registry.npmjs.org/@babel/traverse/-/traverse-7.29.8.tgz 0ms (cache hit)
405 http cache @babel/plugin-transform-react-jsx-self@https://registry.npmjs.org/@babel/plugin-transform-react-jsx-self/-/plugin-transform-react-jsx-self-7.29.7.tgz 0ms (cache hit)
406 http cache @babel/parser@https://registry.npmjs.org/@babel/parser/-/parser-7.29.8.tgz 0ms (cache hit)
407 http cache @babel/helpers@https://registry.npmjs.org/@babel/helpers/-/helpers-7.29.7.tgz 0ms (cache hit)
408 http cache @babel/plugin-transform-react-jsx-source@https://registry.npmjs.org/@babel/plugin-transform-react-jsx-source/-/plugin-transform-react-jsx-source-7.29.7.tgz 0ms (cache hit)
409 http cache @babel/helper-validator-identifier@https://registry.npmjs.org/@babel/helper-validator-identifier/-/helper-validator-identifier-7.29.7.tgz 0ms (cache hit)
410 http cache @babel/helper-validator-option@https://registry.npmjs.org/@babel/helper-validator-option/-/helper-validator-option-7.29.7.tgz 0ms (cache hit)
411 http cache @babel/helper-plugin-utils@https://registry.npmjs.org/@babel/helper-plugin-utils/-/helper-plugin-utils-7.29.7.tgz 0ms (cache hit)
412 http cache @babel/helper-string-parser@https://registry.npmjs.org/@babel/helper-string-parser/-/helper-string-parser-7.29.7.tgz 0ms (cache hit)
413 http cache @babel/helper-module-imports@https://registry.npmjs.org/@babel/helper-module-imports/-/helper-module-imports-7.29.7.tgz 0ms (cache hit)
414 http cache @babel/helper-module-transforms@https://registry.npmjs.org/@babel/helper-module-transforms/-/helper-module-transforms-7.29.7.tgz 0ms (cache hit)
415 http cache @babel/helper-globals@https://registry.npmjs.org/@babel/helper-globals/-/helper-globals-7.29.7.tgz 0ms (cache hit)
416 http cache @babel/helper-compilation-targets@https://registry.npmjs.org/@babel/helper-compilation-targets/-/helper-compilation-targets-7.29.7.tgz 0ms (cache hit)
417 http cache @asamuzakjp/css-color@https://registry.npmjs.org/@asamuzakjp/css-color/-/css-color-3.2.0.tgz 0ms (cache hit)
418 http cache @babel/generator@https://registry.npmjs.org/@babel/generator/-/generator-7.29.8.tgz 0ms (cache hit)
419 http cache @ant-design/react-slick@https://registry.npmjs.org/@ant-design/react-slick/-/react-slick-2.0.0.tgz 0ms (cache hit)
420 http cache @babel/core@https://registry.npmjs.org/@babel/core/-/core-7.29.7.tgz 0ms (cache hit)
421 http cache @ant-design/icons-svg@https://registry.npmjs.org/@ant-design/icons-svg/-/icons-svg-4.5.0.tgz 0ms (cache hit)
422 http cache @ant-design/fast-color@https://registry.npmjs.org/@ant-design/fast-color/-/fast-color-3.0.1.tgz 0ms (cache hit)
423 http cache @babel/compat-data@https://registry.npmjs.org/@babel/compat-data/-/compat-data-7.29.7.tgz 0ms (cache hit)
424 http cache @babel/code-frame@https://registry.npmjs.org/@babel/code-frame/-/code-frame-7.29.7.tgz 0ms (cache hit)
425 http cache @ant-design/icons@https://registry.npmjs.org/@ant-design/icons/-/icons-6.3.2.tgz 0ms (cache hit)
426 http cache @adobe/css-tools@https://registry.npmjs.org/@adobe/css-tools/-/css-tools-4.5.0.tgz 0ms (cache hit)
427 http cache @ant-design/cssinjs@https://registry.npmjs.org/@ant-design/cssinjs/-/cssinjs-2.1.2.tgz 0ms (cache hit)
428 http cache @ant-design/colors@https://registry.npmjs.org/@ant-design/colors/-/colors-8.0.1.tgz 0ms (cache hit)
429 http cache ignore@https://registry.npmjs.org/ignore/-/ignore-7.0.6.tgz 0ms (cache hit)
430 http cache json-schema-traverse@https://registry.npmjs.org/json-schema-traverse/-/json-schema-traverse-0.4.1.tgz 0ms (cache hit)
431 http cache ajv@https://registry.npmjs.org/ajv/-/ajv-6.15.0.tgz 0ms (cache hit)
432 http cache semver@https://registry.npmjs.org/semver/-/semver-7.8.5.tgz 0ms (cache hit)
433 http cache @ant-design/cssinjs-utils@https://registry.npmjs.org/@ant-design/cssinjs-utils/-/cssinjs-utils-2.1.2.tgz 0ms (cache hit)
434 http cache react-is@https://registry.npmjs.org/react-is/-/react-is-19.2.8.tgz 0ms (cache hit)
435 http cache @babel/runtime@https://registry.npmjs.org/@babel/runtime/-/runtime-8.0.0.tgz 0ms (cache hit)
436 http cache eslint-visitor-keys@https://registry.npmjs.org/eslint-visitor-keys/-/eslint-visitor-keys-3.4.3.tgz 0ms (cache hit)
437 http cache lru-cache@https://registry.npmjs.org/lru-cache/-/lru-cache-10.4.3.tgz 0ms (cache hit)
438 silly tarball no local data for zustand@https://registry.npmjs.org/zustand/-/zustand-5.0.15.tgz. Extracting by manifest.
439 silly tarball no local data for yocto-queue@https://registry.npmjs.org/yocto-queue/-/yocto-queue-0.1.0.tgz. Extracting by manifest.
440 http cache dom-accessibility-api@https://registry.npmjs.org/dom-accessibility-api/-/dom-accessibility-api-0.6.3.tgz 0ms (cache hit)
441 silly tarball no local data for zod-validation-error@https://registry.npmjs.org/zod-validation-error/-/zod-validation-error-4.0.2.tgz. Extracting by manifest.
442 silly tarball no local data for zod@https://registry.npmjs.org/zod/-/zod-3.25.76.tgz. Extracting by manifest.
443 silly tarball no local data for xml-name-validator@https://registry.npmjs.org/xml-name-validator/-/xml-name-validator-5.0.0.tgz. Extracting by manifest.
444 silly tarball no local data for yallist@https://registry.npmjs.org/yallist/-/yallist-3.1.1.tgz. Extracting by manifest.
445 silly tarball no local data for xmlchars@https://registry.npmjs.org/xmlchars/-/xmlchars-2.2.0.tgz. Extracting by manifest.
446 silly tarball no local data for why-is-node-running@https://registry.npmjs.org/why-is-node-running/-/why-is-node-running-2.3.0.tgz. Extracting by manifest.
447 silly tarball no local data for word-wrap@https://registry.npmjs.org/word-wrap/-/word-wrap-1.2.5.tgz. Extracting by manifest.
448 silly tarball no local data for ws@https://registry.npmjs.org/ws/-/ws-8.21.3.tgz. Extracting by manifest.
449 silly tarball no local data for which@https://registry.npmjs.org/which/-/which-2.0.2.tgz. Extracting by manifest.
450 silly tarball no local data for whatwg-url@https://registry.npmjs.org/whatwg-url/-/whatwg-url-14.2.0.tgz. Extracting by manifest.
451 http cache js-tokens@https://registry.npmjs.org/js-tokens/-/js-tokens-4.0.0.tgz 0ms (cache hit)
452 silly tarball no local data for whatwg-encoding@https://registry.npmjs.org/whatwg-encoding/-/whatwg-encoding-3.1.1.tgz. Extracting by manifest.
453 silly tarball no local data for whatwg-mimetype@https://registry.npmjs.org/whatwg-mimetype/-/whatwg-mimetype-4.0.0.tgz. Extracting by manifest.
454 silly tarball no local data for webidl-conversions@https://registry.npmjs.org/webidl-conversions/-/webidl-conversions-7.0.0.tgz. Extracting by manifest.
455 silly tarball no local data for w3c-xmlserializer@https://registry.npmjs.org/w3c-xmlserializer/-/w3c-xmlserializer-5.0.0.tgz. Extracting by manifest.
456 silly tarball no local data for vite@https://registry.npmjs.org/vite/-/vite-6.4.3.tgz. Extracting by manifest.
457 silly tarball no local data for uri-js@https://registry.npmjs.org/uri-js/-/uri-js-4.4.1.tgz. Extracting by manifest.
458 silly tarball no local data for update-browserslist-db@https://registry.npmjs.org/update-browserslist-db/-/update-browserslist-db-1.3.1.tgz. Extracting by manifest.
459 silly tarball no local data for undici-types@https://registry.npmjs.org/undici-types/-/undici-types-6.21.0.tgz. Extracting by manifest.
460 silly tarball no local data for typescript-eslint@https://registry.npmjs.org/typescript-eslint/-/typescript-eslint-8.67.0.tgz. Extracting by manifest.
461 silly tarball no local data for vite-node@https://registry.npmjs.org/vite-node/-/vite-node-3.2.4.tgz. Extracting by manifest.
462 silly tarball no local data for vitest@https://registry.npmjs.org/vitest/-/vitest-3.2.7.tgz. Extracting by manifest.
463 silly tarball no local data for typescript@https://registry.npmjs.org/typescript/-/typescript-5.9.3.tgz. Extracting by manifest.
464 silly tarball no local data for type-check@https://registry.npmjs.org/type-check/-/type-check-0.4.0.tgz. Extracting by manifest.
465 silly tarball no local data for tr46@https://registry.npmjs.org/tr46/-/tr46-5.1.1.tgz. Extracting by manifest.
466 silly tarball no local data for tough-cookie@https://registry.npmjs.org/tough-cookie/-/tough-cookie-5.1.2.tgz. Extracting by manifest.
467 silly tarball no local data for tldts-core@https://registry.npmjs.org/tldts-core/-/tldts-core-6.1.86.tgz. Extracting by manifest.
468 silly tarball no local data for ts-api-utils@https://registry.npmjs.org/ts-api-utils/-/ts-api-utils-2.5.0.tgz. Extracting by manifest.
469 silly tarball no local data for tinyspy@https://registry.npmjs.org/tinyspy/-/tinyspy-4.0.4.tgz. Extracting by manifest.
470 silly tarball no local data for tinyrainbow@https://registry.npmjs.org/tinyrainbow/-/tinyrainbow-2.0.0.tgz. Extracting by manifest.
471 silly tarball no local data for tinypool@https://registry.npmjs.org/tinypool/-/tinypool-1.1.1.tgz. Extracting by manifest.
472 silly tarball no local data for tinyglobby@https://registry.npmjs.org/tinyglobby/-/tinyglobby-0.2.17.tgz. Extracting by manifest.
473 silly tarball no local data for tinyexec@https://registry.npmjs.org/tinyexec/-/tinyexec-0.3.2.tgz. Extracting by manifest.
474 silly tarball no local data for tldts@https://registry.npmjs.org/tldts/-/tldts-6.1.86.tgz. Extracting by manifest.
475 silly tarball no local data for tinybench@https://registry.npmjs.org/tinybench/-/tinybench-2.9.0.tgz. Extracting by manifest.
476 silly tarball no local data for throttle-debounce@https://registry.npmjs.org/throttle-debounce/-/throttle-debounce-5.0.2.tgz. Extracting by manifest.
477 silly tarball no local data for stylis@https://registry.npmjs.org/stylis/-/stylis-4.4.0.tgz. Extracting by manifest.
478 silly tarball no local data for symbol-tree@https://registry.npmjs.org/symbol-tree/-/symbol-tree-3.2.4.tgz. Extracting by manifest.
479 silly tarball no local data for strip-literal@https://registry.npmjs.org/strip-literal/-/strip-literal-3.1.0.tgz. Extracting by manifest.
480 silly tarball no local data for strip-indent@https://registry.npmjs.org/strip-indent/-/strip-indent-3.0.0.tgz. Extracting by manifest.
481 silly tarball no local data for string-convert@https://registry.npmjs.org/string-convert/-/string-convert-0.2.1.tgz. Extracting by manifest.
482 silly tarball no local data for stackback@https://registry.npmjs.org/stackback/-/stackback-0.0.2.tgz. Extracting by manifest.
483 silly tarball no local data for siginfo@https://registry.npmjs.org/siginfo/-/siginfo-2.0.0.tgz. Extracting by manifest.
484 silly tarball no local data for semver@https://registry.npmjs.org/semver/-/semver-6.3.1.tgz. Extracting by manifest.
485 silly tarball no local data for shebang-command@https://registry.npmjs.org/shebang-command/-/shebang-command-2.0.0.tgz. Extracting by manifest.
486 silly tarball no local data for scroll-into-view-if-needed@https://registry.npmjs.org/scroll-into-view-if-needed/-/scroll-into-view-if-needed-3.1.0.tgz. Extracting by manifest.
487 silly tarball no local data for saxes@https://registry.npmjs.org/saxes/-/saxes-6.0.0.tgz. Extracting by manifest.
488 silly tarball no local data for std-env@https://registry.npmjs.org/std-env/-/std-env-3.10.0.tgz. Extracting by manifest.
489 silly tarball no local data for scheduler@https://registry.npmjs.org/scheduler/-/scheduler-0.27.0.tgz. Extracting by manifest.
490 silly tarball no local data for source-map-js@https://registry.npmjs.org/source-map-js/-/source-map-js-1.2.1.tgz. Extracting by manifest.
491 silly tarball no local data for safer-buffer@https://registry.npmjs.org/safer-buffer/-/safer-buffer-2.1.2.tgz. Extracting by manifest.
492 silly tarball no local data for rrweb-cssom@https://registry.npmjs.org/rrweb-cssom/-/rrweb-cssom-0.8.0.tgz. Extracting by manifest.
493 silly tarball no local data for rollup@https://registry.npmjs.org/rollup/-/rollup-4.62.4.tgz. Extracting by manifest.
494 silly tarball no local data for redent@https://registry.npmjs.org/redent/-/redent-3.0.0.tgz. Extracting by manifest.
495 silly tarball no local data for shebang-regex@https://registry.npmjs.org/shebang-regex/-/shebang-regex-3.0.0.tgz. Extracting by manifest.
496 silly tarball no local data for react-is@https://registry.npmjs.org/react-is/-/react-is-17.0.2.tgz. Extracting by manifest.
497 silly tarball no local data for react-refresh@https://registry.npmjs.org/react-refresh/-/react-refresh-0.17.0.tgz. Extracting by manifest.
498 silly tarball no local data for react-dom@https://registry.npmjs.org/react-dom/-/react-dom-19.2.8.tgz. Extracting by manifest.
499 silly tarball no local data for require-from-string@https://registry.npmjs.org/require-from-string/-/require-from-string-2.0.2.tgz. Extracting by manifest.
500 silly tarball no local data for react@https://registry.npmjs.org/react/-/react-19.2.8.tgz. Extracting by manifest.
501 silly tarball no local data for punycode@https://registry.npmjs.org/punycode/-/punycode-2.3.1.tgz. Extracting by manifest.
502 silly tarball no local data for pretty-format@https://registry.npmjs.org/pretty-format/-/pretty-format-27.5.1.tgz. Extracting by manifest.
503 silly tarball no local data for prelude-ls@https://registry.npmjs.org/prelude-ls/-/prelude-ls-1.2.1.tgz. Extracting by manifest.
504 silly tarball no local data for postcss@https://registry.npmjs.org/postcss/-/postcss-8.5.26.tgz. Extracting by manifest.
505 silly tarball no local data for picomatch@https://registry.npmjs.org/picomatch/-/picomatch-4.0.5.tgz. Extracting by manifest.
506 silly tarball no local data for playwright@https://registry.npmjs.org/playwright/-/playwright-1.62.1.tgz. Extracting by manifest.
507 silly tarball no local data for playwright-core@https://registry.npmjs.org/playwright-core/-/playwright-core-1.62.1.tgz. Extracting by manifest.
508 silly tarball no local data for pathval@https://registry.npmjs.org/pathval/-/pathval-2.0.1.tgz. Extracting by manifest.
509 silly tarball no local data for path-key@https://registry.npmjs.org/path-key/-/path-key-3.1.1.tgz. Extracting by manifest.
510 silly tarball no local data for pathe@https://registry.npmjs.org/pathe/-/pathe-2.0.3.tgz. Extracting by manifest.
511 silly tarball no local data for picocolors@https://registry.npmjs.org/picocolors/-/picocolors-1.1.1.tgz. Extracting by manifest.
512 silly tarball no local data for path-exists@https://registry.npmjs.org/path-exists/-/path-exists-4.0.0.tgz. Extracting by manifest.
513 silly tarball no local data for p-locate@https://registry.npmjs.org/p-locate/-/p-locate-5.0.0.tgz. Extracting by manifest.
514 silly tarball no local data for parse5@https://registry.npmjs.org/parse5/-/parse5-7.3.0.tgz. Extracting by manifest.
515 silly tarball no local data for optionator@https://registry.npmjs.org/optionator/-/optionator-0.9.4.tgz. Extracting by manifest.
516 silly tarball no local data for p-limit@https://registry.npmjs.org/p-limit/-/p-limit-3.1.0.tgz. Extracting by manifest.
517 silly tarball no local data for nwsapi@https://registry.npmjs.org/nwsapi/-/nwsapi-2.2.24.tgz. Extracting by manifest.
518 silly tarball no local data for node-releases@https://registry.npmjs.org/node-releases/-/node-releases-2.0.53.tgz. Extracting by manifest.
519 silly tarball no local data for natural-compare@https://registry.npmjs.org/natural-compare/-/natural-compare-1.4.0.tgz. Extracting by manifest.
520 silly tarball no local data for ms@https://registry.npmjs.org/ms/-/ms-2.1.3.tgz. Extracting by manifest.
521 silly tarball no local data for nanoid@https://registry.npmjs.org/nanoid/-/nanoid-3.3.18.tgz. Extracting by manifest.
522 silly tarball no local data for minimatch@https://registry.npmjs.org/minimatch/-/minimatch-10.2.6.tgz. Extracting by manifest.
523 silly tarball no local data for magic-string@https://registry.npmjs.org/magic-string/-/magic-string-0.30.21.tgz. Extracting by manifest.
524 silly tarball no local data for min-indent@https://registry.npmjs.org/min-indent/-/min-indent-1.0.1.tgz. Extracting by manifest.
525 silly tarball no local data for lz-string@https://registry.npmjs.org/lz-string/-/lz-string-1.5.0.tgz. Extracting by manifest.
526 silly tarball no local data for lru-cache@https://registry.npmjs.org/lru-cache/-/lru-cache-5.1.1.tgz. Extracting by manifest.
527 silly tarball no local data for loupe@https://registry.npmjs.org/loupe/-/loupe-3.2.1.tgz. Extracting by manifest.
528 silly tarball no local data for locate-path@https://registry.npmjs.org/locate-path/-/locate-path-6.0.0.tgz. Extracting by manifest.
529 silly tarball no local data for levn@https://registry.npmjs.org/levn/-/levn-0.4.1.tgz. Extracting by manifest.
530 silly tarball no local data for keyv@https://registry.npmjs.org/keyv/-/keyv-4.5.4.tgz. Extracting by manifest.
531 silly tarball no local data for json5@https://registry.npmjs.org/json5/-/json5-2.2.3.tgz. Extracting by manifest.
532 silly tarball no local data for json2mq@https://registry.npmjs.org/json2mq/-/json2mq-0.2.0.tgz. Extracting by manifest.
533 silly tarball no local data for json-schema-traverse@https://registry.npmjs.org/json-schema-traverse/-/json-schema-traverse-1.0.0.tgz. Extracting by manifest.
534 silly tarball no local data for json-buffer@https://registry.npmjs.org/json-buffer/-/json-buffer-3.0.1.tgz. Extracting by manifest.
535 silly tarball no local data for json-stable-stringify-without-jsonify@https://registry.npmjs.org/json-stable-stringify-without-jsonify/-/json-stable-stringify-without-jsonify-1.0.1.tgz. Extracting by manifest.
536 silly tarball no local data for jsesc@https://registry.npmjs.org/jsesc/-/jsesc-3.1.0.tgz. Extracting by manifest.
537 silly tarball no local data for jsdom@https://registry.npmjs.org/jsdom/-/jsdom-26.1.0.tgz. Extracting by manifest.
538 silly tarball no local data for isexe@https://registry.npmjs.org/isexe/-/isexe-2.0.0.tgz. Extracting by manifest.
539 silly tarball no local data for is-mobile@https://registry.npmjs.org/is-mobile/-/is-mobile-5.0.0.tgz. Extracting by manifest.
540 silly tarball no local data for is-glob@https://registry.npmjs.org/is-glob/-/is-glob-4.0.3.tgz. Extracting by manifest.
541 silly tarball no local data for js-tokens@https://registry.npmjs.org/js-tokens/-/js-tokens-9.0.1.tgz. Extracting by manifest.
542 silly tarball no local data for is-potential-custom-element-name@https://registry.npmjs.org/is-potential-custom-element-name/-/is-potential-custom-element-name-1.0.1.tgz. Extracting by manifest.
543 silly tarball no local data for is-extglob@https://registry.npmjs.org/is-extglob/-/is-extglob-2.1.1.tgz. Extracting by manifest.
544 silly tarball no local data for imurmurhash@https://registry.npmjs.org/imurmurhash/-/imurmurhash-0.1.4.tgz. Extracting by manifest.
545 silly tarball no local data for indent-string@https://registry.npmjs.org/indent-string/-/indent-string-4.0.0.tgz. Extracting by manifest.
546 silly tarball no local data for ignore@https://registry.npmjs.org/ignore/-/ignore-5.3.2.tgz. Extracting by manifest.
547 silly tarball no local data for iconv-lite@https://registry.npmjs.org/iconv-lite/-/iconv-lite-0.6.3.tgz. Extracting by manifest.
548 silly tarball no local data for https-proxy-agent@https://registry.npmjs.org/https-proxy-agent/-/https-proxy-agent-7.0.6.tgz. Extracting by manifest.
549 silly tarball no local data for http-proxy-agent@https://registry.npmjs.org/http-proxy-agent/-/http-proxy-agent-7.0.2.tgz. Extracting by manifest.
550 silly tarball no local data for html-encoding-sniffer@https://registry.npmjs.org/html-encoding-sniffer/-/html-encoding-sniffer-4.0.0.tgz. Extracting by manifest.
551 silly tarball no local data for hermes-parser@https://registry.npmjs.org/hermes-parser/-/hermes-parser-0.25.1.tgz. Extracting by manifest.
552 silly tarball no local data for hermes-estree@https://registry.npmjs.org/hermes-estree/-/hermes-estree-0.25.1.tgz. Extracting by manifest.
553 silly tarball no local data for globals@https://registry.npmjs.org/globals/-/globals-17.11.0.tgz. Extracting by manifest.
554 silly tarball no local data for gensync@https://registry.npmjs.org/gensync/-/gensync-1.0.0-beta.2.tgz. Extracting by manifest.
555 silly tarball no local data for glob-parent@https://registry.npmjs.org/glob-parent/-/glob-parent-6.0.2.tgz. Extracting by manifest.
556 silly tarball no local data for flatted@https://registry.npmjs.org/flatted/-/flatted-3.4.4.tgz. Extracting by manifest.
557 silly tarball no local data for find-up@https://registry.npmjs.org/find-up/-/find-up-5.0.0.tgz. Extracting by manifest.
558 silly tarball no local data for flat-cache@https://registry.npmjs.org/flat-cache/-/flat-cache-4.0.1.tgz. Extracting by manifest.
559 silly tarball no local data for file-entry-cache@https://registry.npmjs.org/file-entry-cache/-/file-entry-cache-8.0.0.tgz. Extracting by manifest.
560 silly tarball no local data for fdir@https://registry.npmjs.org/fdir/-/fdir-6.5.0.tgz. Extracting by manifest.
561 silly tarball no local data for fast-uri@https://registry.npmjs.org/fast-uri/-/fast-uri-3.1.5.tgz. Extracting by manifest.
562 silly tarball no local data for fast-levenshtein@https://registry.npmjs.org/fast-levenshtein/-/fast-levenshtein-2.0.6.tgz. Extracting by manifest.
563 silly tarball no local data for fast-json-stable-stringify@https://registry.npmjs.org/fast-json-stable-stringify/-/fast-json-stable-stringify-2.1.0.tgz. Extracting by manifest.
564 silly tarball no local data for fast-deep-equal@https://registry.npmjs.org/fast-deep-equal/-/fast-deep-equal-3.1.3.tgz. Extracting by manifest.
565 silly tarball no local data for expect-type@https://registry.npmjs.org/expect-type/-/expect-type-1.4.0.tgz. Extracting by manifest.
566 silly tarball no local data for esutils@https://registry.npmjs.org/esutils/-/esutils-2.0.3.tgz. Extracting by manifest.
567 silly tarball no local data for estree-walker@https://registry.npmjs.org/estree-walker/-/estree-walker-3.0.3.tgz. Extracting by manifest.
568 silly tarball no local data for esrecurse@https://registry.npmjs.org/esrecurse/-/esrecurse-4.3.0.tgz. Extracting by manifest.
569 silly tarball no local data for esquery@https://registry.npmjs.org/esquery/-/esquery-1.7.0.tgz. Extracting by manifest.
570 silly tarball no local data for eslint-visitor-keys@https://registry.npmjs.org/eslint-visitor-keys/-/eslint-visitor-keys-5.0.1.tgz. Extracting by manifest.
571 silly tarball no local data for estraverse@https://registry.npmjs.org/estraverse/-/estraverse-5.3.0.tgz. Extracting by manifest.
572 silly tarball no local data for eslint-scope@https://registry.npmjs.org/eslint-scope/-/eslint-scope-9.1.2.tgz. Extracting by manifest.
573 silly tarball no local data for eslint-plugin-react-refresh@https://registry.npmjs.org/eslint-plugin-react-refresh/-/eslint-plugin-react-refresh-0.5.4.tgz. Extracting by manifest.
574 silly tarball no local data for eslint-plugin-react-hooks@https://registry.npmjs.org/eslint-plugin-react-hooks/-/eslint-plugin-react-hooks-7.1.1.tgz. Extracting by manifest.
575 silly tarball no local data for eslint@https://registry.npmjs.org/eslint/-/eslint-10.8.1.tgz. Extracting by manifest.
576 silly tarball no local data for escalade@https://registry.npmjs.org/escalade/-/escalade-3.2.0.tgz. Extracting by manifest.
577 silly tarball no local data for esbuild@https://registry.npmjs.org/esbuild/-/esbuild-0.25.12.tgz. Extracting by manifest.
578 silly tarball no local data for escape-string-regexp@https://registry.npmjs.org/escape-string-regexp/-/escape-string-regexp-4.0.0.tgz. Extracting by manifest.
579 silly tarball no local data for espree@https://registry.npmjs.org/espree/-/espree-11.2.0.tgz. Extracting by manifest.
580 silly tarball no local data for entities@https://registry.npmjs.org/entities/-/entities-6.0.1.tgz. Extracting by manifest.
581 silly tarball no local data for electron-to-chromium@https://registry.npmjs.org/electron-to-chromium/-/electron-to-chromium-1.5.406.tgz. Extracting by manifest.
582 silly tarball no local data for dom-accessibility-api@https://registry.npmjs.org/dom-accessibility-api/-/dom-accessibility-api-0.5.16.tgz. Extracting by manifest.
583 silly tarball no local data for dequal@https://registry.npmjs.org/dequal/-/dequal-2.0.3.tgz. Extracting by manifest.
584 silly tarball no local data for deep-is@https://registry.npmjs.org/deep-is/-/deep-is-0.1.4.tgz. Extracting by manifest.
585 silly tarball no local data for deep-eql@https://registry.npmjs.org/deep-eql/-/deep-eql-5.0.2.tgz. Extracting by manifest.
586 silly tarball no local data for decimal.js@https://registry.npmjs.org/decimal.js/-/decimal.js-10.6.0.tgz. Extracting by manifest.
587 silly tarball no local data for debug@https://registry.npmjs.org/debug/-/debug-4.4.3.tgz. Extracting by manifest.
588 silly tarball no local data for dayjs@https://registry.npmjs.org/dayjs/-/dayjs-1.11.21.tgz. Extracting by manifest.
589 silly tarball no local data for data-urls@https://registry.npmjs.org/data-urls/-/data-urls-5.0.0.tgz. Extracting by manifest.
590 silly tarball no local data for csstype@https://registry.npmjs.org/csstype/-/csstype-3.2.3.tgz. Extracting by manifest.
591 silly tarball no local data for cssstyle@https://registry.npmjs.org/cssstyle/-/cssstyle-4.6.0.tgz. Extracting by manifest.
592 silly tarball no local data for cross-spawn@https://registry.npmjs.org/cross-spawn/-/cross-spawn-7.0.6.tgz. Extracting by manifest.
593 silly tarball no local data for css.escape@https://registry.npmjs.org/css.escape/-/css.escape-1.5.1.tgz. Extracting by manifest.
594 silly tarball no local data for es-module-lexer@https://registry.npmjs.org/es-module-lexer/-/es-module-lexer-1.7.0.tgz. Extracting by manifest.
595 silly tarball no local data for convert-source-map@https://registry.npmjs.org/convert-source-map/-/convert-source-map-2.0.0.tgz. Extracting by manifest.
596 silly tarball no local data for compute-scroll-into-view@https://registry.npmjs.org/compute-scroll-into-view/-/compute-scroll-into-view-3.1.1.tgz. Extracting by manifest.
597 silly tarball no local data for check-error@https://registry.npmjs.org/check-error/-/check-error-2.1.3.tgz. Extracting by manifest.
598 silly tarball no local data for clsx@https://registry.npmjs.org/clsx/-/clsx-2.1.1.tgz. Extracting by manifest.
599 silly tarball no local data for chai@https://registry.npmjs.org/chai/-/chai-5.3.3.tgz. Extracting by manifest.
600 silly tarball no local data for caniuse-lite@https://registry.npmjs.org/caniuse-lite/-/caniuse-lite-1.0.30001809.tgz. Extracting by manifest.
601 silly tarball no local data for browserslist@https://registry.npmjs.org/browserslist/-/browserslist-4.28.8.tgz. Extracting by manifest.
602 silly tarball no local data for cac@https://registry.npmjs.org/cac/-/cac-6.7.14.tgz. Extracting by manifest.
603 silly tarball no local data for brace-expansion@https://registry.npmjs.org/brace-expansion/-/brace-expansion-5.0.9.tgz. Extracting by manifest.
604 silly tarball no local data for baseline-browser-mapping@https://registry.npmjs.org/baseline-browser-mapping/-/baseline-browser-mapping-2.11.14.tgz. Extracting by manifest.
605 silly tarball no local data for balanced-match@https://registry.npmjs.org/balanced-match/-/balanced-match-4.0.4.tgz. Extracting by manifest.
606 silly tarball no local data for assertion-error@https://registry.npmjs.org/assertion-error/-/assertion-error-2.0.1.tgz. Extracting by manifest.
607 silly tarball no local data for aria-query@https://registry.npmjs.org/aria-query/-/aria-query-5.3.0.tgz. Extracting by manifest.
608 silly tarball no local data for antd@https://registry.npmjs.org/antd/-/antd-6.6.0.tgz. Extracting by manifest.
609 silly tarball no local data for ansi-styles@https://registry.npmjs.org/ansi-styles/-/ansi-styles-5.2.0.tgz. Extracting by manifest.
610 silly tarball no local data for ansi-regex@https://registry.npmjs.org/ansi-regex/-/ansi-regex-5.0.1.tgz. Extracting by manifest.
611 silly tarball no local data for ajv-formats@https://registry.npmjs.org/ajv-formats/-/ajv-formats-3.0.1.tgz. Extracting by manifest.
612 silly tarball no local data for agent-base@https://registry.npmjs.org/agent-base/-/agent-base-7.1.4.tgz. Extracting by manifest.
613 silly tarball no local data for ajv@https://registry.npmjs.org/ajv/-/ajv-8.20.0.tgz. Extracting by manifest.
614 silly tarball no local data for acorn@https://registry.npmjs.org/acorn/-/acorn-8.18.0.tgz. Extracting by manifest.
615 silly tarball no local data for acorn-jsx@https://registry.npmjs.org/acorn-jsx/-/acorn-jsx-5.3.2.tgz. Extracting by manifest.
616 silly tarball no local data for @vitest/utils@https://registry.npmjs.org/@vitest/utils/-/utils-3.2.7.tgz. Extracting by manifest.
617 silly tarball no local data for @vitest/spy@https://registry.npmjs.org/@vitest/spy/-/spy-3.2.7.tgz. Extracting by manifest.
618 silly tarball no local data for @vitest/runner@https://registry.npmjs.org/@vitest/runner/-/runner-3.2.7.tgz. Extracting by manifest.
619 silly tarball no local data for @vitest/snapshot@https://registry.npmjs.org/@vitest/snapshot/-/snapshot-3.2.7.tgz. Extracting by manifest.
620 silly tarball no local data for @vitejs/plugin-react@https://registry.npmjs.org/@vitejs/plugin-react/-/plugin-react-4.7.0.tgz. Extracting by manifest.
621 silly tarball no local data for @typescript-eslint/visitor-keys@https://registry.npmjs.org/@typescript-eslint/visitor-keys/-/visitor-keys-8.67.0.tgz. Extracting by manifest.
622 silly tarball no local data for @vitest/pretty-format@https://registry.npmjs.org/@vitest/pretty-format/-/pretty-format-3.2.7.tgz. Extracting by manifest.
623 silly tarball no local data for @vitest/mocker@https://registry.npmjs.org/@vitest/mocker/-/mocker-3.2.7.tgz. Extracting by manifest.
624 silly tarball no local data for @vitest/expect@https://registry.npmjs.org/@vitest/expect/-/expect-3.2.7.tgz. Extracting by manifest.
625 silly tarball no local data for @typescript-eslint/utils@https://registry.npmjs.org/@typescript-eslint/utils/-/utils-8.67.0.tgz. Extracting by manifest.
626 silly tarball no local data for @typescript-eslint/tsconfig-utils@https://registry.npmjs.org/@typescript-eslint/tsconfig-utils/-/tsconfig-utils-8.67.0.tgz. Extracting by manifest.
627 silly tarball no local data for @typescript-eslint/type-utils@https://registry.npmjs.org/@typescript-eslint/type-utils/-/type-utils-8.67.0.tgz. Extracting by manifest.
628 silly tarball no local data for @typescript-eslint/types@https://registry.npmjs.org/@typescript-eslint/types/-/types-8.67.0.tgz. Extracting by manifest.
629 silly tarball no local data for @typescript-eslint/typescript-estree@https://registry.npmjs.org/@typescript-eslint/typescript-estree/-/typescript-estree-8.67.0.tgz. Extracting by manifest.
630 silly tarball no local data for @types/node@https://registry.npmjs.org/@types/node/-/node-22.20.1.tgz. Extracting by manifest.
631 silly tarball no local data for @types/react-dom@https://registry.npmjs.org/@types/react-dom/-/react-dom-19.2.4.tgz. Extracting by manifest.
632 silly tarball no local data for @types/json-schema@https://registry.npmjs.org/@types/json-schema/-/json-schema-7.0.15.tgz. Extracting by manifest.
633 silly tarball no local data for @types/estree@https://registry.npmjs.org/@types/estree/-/estree-1.0.9.tgz. Extracting by manifest.
634 silly tarball no local data for @typescript-eslint/project-service@https://registry.npmjs.org/@typescript-eslint/project-service/-/project-service-8.67.0.tgz. Extracting by manifest.
635 silly tarball no local data for @typescript-eslint/scope-manager@https://registry.npmjs.org/@typescript-eslint/scope-manager/-/scope-manager-8.67.0.tgz. Extracting by manifest.
636 silly tarball no local data for @typescript-eslint/parser@https://registry.npmjs.org/@typescript-eslint/parser/-/parser-8.67.0.tgz. Extracting by manifest.
637 silly tarball no local data for @types/react@https://registry.npmjs.org/@types/react/-/react-19.2.18.tgz. Extracting by manifest.
638 silly tarball no local data for @types/esrecurse@https://registry.npmjs.org/@types/esrecurse/-/esrecurse-4.3.1.tgz. Extracting by manifest.
639 silly tarball no local data for @typescript-eslint/eslint-plugin@https://registry.npmjs.org/@typescript-eslint/eslint-plugin/-/eslint-plugin-8.67.0.tgz. Extracting by manifest.
640 silly tarball no local data for @types/deep-eql@https://registry.npmjs.org/@types/deep-eql/-/deep-eql-4.0.2.tgz. Extracting by manifest.
641 silly tarball no local data for @types/babel__traverse@https://registry.npmjs.org/@types/babel__traverse/-/babel__traverse-7.28.0.tgz. Extracting by manifest.
642 silly tarball no local data for @types/chai@https://registry.npmjs.org/@types/chai/-/chai-5.2.3.tgz. Extracting by manifest.
643 silly tarball no local data for @types/babel__template@https://registry.npmjs.org/@types/babel__template/-/babel__template-7.4.4.tgz. Extracting by manifest.
644 silly tarball no local data for @testing-library/react@https://registry.npmjs.org/@testing-library/react/-/react-16.3.2.tgz. Extracting by manifest.
645 silly tarball no local data for @testing-library/dom@https://registry.npmjs.org/@testing-library/dom/-/dom-10.4.1.tgz. Extracting by manifest.
646 silly tarball no local data for @types/babel__core@https://registry.npmjs.org/@types/babel__core/-/babel__core-7.20.5.tgz. Extracting by manifest.
647 silly tarball no local data for @rollup/rollup-win32-x64-msvc@https://registry.npmjs.org/@rollup/rollup-win32-x64-msvc/-/rollup-win32-x64-msvc-4.62.4.tgz. Extracting by manifest.
648 silly tarball no local data for @types/aria-query@https://registry.npmjs.org/@types/aria-query/-/aria-query-5.0.4.tgz. Extracting by manifest.
649 silly tarball no local data for @testing-library/jest-dom@https://registry.npmjs.org/@testing-library/jest-dom/-/jest-dom-6.9.1.tgz. Extracting by manifest.
650 silly tarball no local data for @types/babel__generator@https://registry.npmjs.org/@types/babel__generator/-/babel__generator-7.27.0.tgz. Extracting by manifest.
651 silly tarball no local data for @rollup/rollup-win32-x64-gnu@https://registry.npmjs.org/@rollup/rollup-win32-x64-gnu/-/rollup-win32-x64-gnu-4.62.4.tgz. Extracting by manifest.
652 silly tarball no local data for @rc-component/upload@https://registry.npmjs.org/@rc-component/upload/-/upload-1.1.1.tgz. Extracting by manifest.
653 silly tarball no local data for @rolldown/pluginutils@https://registry.npmjs.org/@rolldown/pluginutils/-/pluginutils-1.0.0-beta.27.tgz. Extracting by manifest.
654 silly tarball no local data for @rc-component/trigger@https://registry.npmjs.org/@rc-component/trigger/-/trigger-3.10.1.tgz. Extracting by manifest.
655 silly tarball no local data for @rc-component/virtual-list@https://registry.npmjs.org/@rc-component/virtual-list/-/virtual-list-1.5.1.tgz. Extracting by manifest.
656 silly tarball no local data for @rc-component/util@https://registry.npmjs.org/@rc-component/util/-/util-1.12.0.tgz. Extracting by manifest.
657 silly tarball no local data for @rc-component/tree@https://registry.npmjs.org/@rc-component/tree/-/tree-1.4.0.tgz. Extracting by manifest.
658 silly tarball no local data for @rc-component/tree-select@https://registry.npmjs.org/@rc-component/tree-select/-/tree-select-1.16.1.tgz. Extracting by manifest.
659 silly tarball no local data for @rc-component/tour@https://registry.npmjs.org/@rc-component/tour/-/tour-2.4.0.tgz. Extracting by manifest.
660 silly tarball no local data for @rc-component/tooltip@https://registry.npmjs.org/@rc-component/tooltip/-/tooltip-1.5.0.tgz. Extracting by manifest.
661 silly tarball no local data for @rc-component/table@https://registry.npmjs.org/@rc-component/table/-/table-1.11.1.tgz. Extracting by manifest.
662 silly tarball no local data for @rc-component/tabs@https://registry.npmjs.org/@rc-component/tabs/-/tabs-1.12.0.tgz. Extracting by manifest.
663 silly tarball no local data for @rc-component/switch@https://registry.npmjs.org/@rc-component/switch/-/switch-1.0.3.tgz. Extracting by manifest.
664 silly tarball no local data for @rc-component/slider@https://registry.npmjs.org/@rc-component/slider/-/slider-1.1.1.tgz. Extracting by manifest.
665 silly tarball no local data for @rc-component/select@https://registry.npmjs.org/@rc-component/select/-/select-1.10.1.tgz. Extracting by manifest.
666 silly tarball no local data for @rc-component/steps@https://registry.npmjs.org/@rc-component/steps/-/steps-1.2.2.tgz. Extracting by manifest.
667 silly tarball no local data for @rc-component/qrcode@https://registry.npmjs.org/@rc-component/qrcode/-/qrcode-2.0.0.tgz. Extracting by manifest.
668 silly tarball no local data for @rc-component/resize-observer@https://registry.npmjs.org/@rc-component/resize-observer/-/resize-observer-1.1.2.tgz. Extracting by manifest.
669 silly tarball no local data for @rc-component/segmented@https://registry.npmjs.org/@rc-component/segmented/-/segmented-1.3.0.tgz. Extracting by manifest.
670 silly tarball no local data for @rc-component/rate@https://registry.npmjs.org/@rc-component/rate/-/rate-1.0.1.tgz. Extracting by manifest.
671 silly tarball no local data for @rc-component/progress@https://registry.npmjs.org/@rc-component/progress/-/progress-1.0.2.tgz. Extracting by manifest.
672 silly tarball no local data for @rc-component/overflow@https://registry.npmjs.org/@rc-component/overflow/-/overflow-1.0.1.tgz. Extracting by manifest.
673 silly tarball no local data for @rc-component/picker@https://registry.npmjs.org/@rc-component/picker/-/picker-1.12.0.tgz. Extracting by manifest.
674 silly tarball no local data for @rc-component/portal@https://registry.npmjs.org/@rc-component/portal/-/portal-2.2.1.tgz. Extracting by manifest.
675 silly tarball no local data for @rc-component/notification@https://registry.npmjs.org/@rc-component/notification/-/notification-2.0.7.tgz. Extracting by manifest.
676 silly tarball no local data for @rc-component/pagination@https://registry.npmjs.org/@rc-component/pagination/-/pagination-1.4.0.tgz. Extracting by manifest.
677 silly tarball no local data for @rc-component/motion@https://registry.npmjs.org/@rc-component/motion/-/motion-1.3.3.tgz. Extracting by manifest.
678 silly tarball no local data for @rc-component/mini-decimal@https://registry.npmjs.org/@rc-component/mini-decimal/-/mini-decimal-1.1.4.tgz. Extracting by manifest.
679 silly tarball no local data for @rc-component/menu@https://registry.npmjs.org/@rc-component/menu/-/menu-1.4.1.tgz. Extracting by manifest.
680 silly tarball no local data for @rc-component/input-number@https://registry.npmjs.org/@rc-component/input-number/-/input-number-1.6.2.tgz. Extracting by manifest.
681 silly tarball no local data for @rc-component/mentions@https://registry.npmjs.org/@rc-component/mentions/-/mentions-1.11.0.tgz. Extracting by manifest.
682 silly tarball no local data for @rc-component/mutate-observer@https://registry.npmjs.org/@rc-component/mutate-observer/-/mutate-observer-2.0.1.tgz. Extracting by manifest.
683 silly tarball no local data for @rc-component/input@https://registry.npmjs.org/@rc-component/input/-/input-1.3.1.tgz. Extracting by manifest.
684 silly tarball no local data for @rc-component/listy@https://registry.npmjs.org/@rc-component/listy/-/listy-1.2.3.tgz. Extracting by manifest.
685 silly tarball no local data for @rc-component/form@https://registry.npmjs.org/@rc-component/form/-/form-1.8.6.tgz. Extracting by manifest.
686 silly tarball no local data for @rc-component/dropdown@https://registry.npmjs.org/@rc-component/dropdown/-/dropdown-1.0.3.tgz. Extracting by manifest.
687 silly tarball no local data for @rc-component/image@https://registry.npmjs.org/@rc-component/image/-/image-1.10.0.tgz. Extracting by manifest.
688 silly tarball no local data for @rc-component/drawer@https://registry.npmjs.org/@rc-component/drawer/-/drawer-1.4.2.tgz. Extracting by manifest.
689 silly tarball no local data for @rc-component/color-picker@https://registry.npmjs.org/@rc-component/color-picker/-/color-picker-3.1.1.tgz. Extracting by manifest.
690 silly tarball no local data for @rc-component/dialog@https://registry.npmjs.org/@rc-component/dialog/-/dialog-1.10.0.tgz. Extracting by manifest.
691 silly tarball no local data for @rc-component/collapse@https://registry.npmjs.org/@rc-component/collapse/-/collapse-1.2.0.tgz. Extracting by manifest.
692 silly tarball no local data for @rc-component/checkbox@https://registry.npmjs.org/@rc-component/checkbox/-/checkbox-2.0.0.tgz. Extracting by manifest.
693 silly tarball no local data for @playwright/test@https://registry.npmjs.org/@playwright/test/-/test-1.62.1.tgz. Extracting by manifest.
694 silly tarball no local data for @rc-component/cascader@https://registry.npmjs.org/@rc-component/cascader/-/cascader-1.22.0.tgz. Extracting by manifest.
695 silly tarball no local data for @rc-component/context@https://registry.npmjs.org/@rc-component/context/-/context-2.0.2.tgz. Extracting by manifest.
696 silly tarball no local data for @rc-component/async-validator@https://registry.npmjs.org/@rc-component/async-validator/-/async-validator-6.0.0.tgz. Extracting by manifest.
697 silly tarball no local data for @jridgewell/trace-mapping@https://registry.npmjs.org/@jridgewell/trace-mapping/-/trace-mapping-0.3.31.tgz. Extracting by manifest.
698 silly tarball no local data for @jridgewell/resolve-uri@https://registry.npmjs.org/@jridgewell/resolve-uri/-/resolve-uri-3.1.2.tgz. Extracting by manifest.
699 silly tarball no local data for @jridgewell/remapping@https://registry.npmjs.org/@jridgewell/remapping/-/remapping-2.3.5.tgz. Extracting by manifest.
700 silly tarball no local data for @jridgewell/gen-mapping@https://registry.npmjs.org/@jridgewell/gen-mapping/-/gen-mapping-0.3.13.tgz. Extracting by manifest.
701 silly tarball no local data for @humanfs/types@https://registry.npmjs.org/@humanfs/types/-/types-0.15.0.tgz. Extracting by manifest.
702 silly tarball no local data for @jridgewell/sourcemap-codec@https://registry.npmjs.org/@jridgewell/sourcemap-codec/-/sourcemap-codec-1.5.5.tgz. Extracting by manifest.
703 silly tarball no local data for @humanwhocodes/retry@https://registry.npmjs.org/@humanwhocodes/retry/-/retry-0.4.3.tgz. Extracting by manifest.
704 silly tarball no local data for @humanwhocodes/module-importer@https://registry.npmjs.org/@humanwhocodes/module-importer/-/module-importer-1.0.1.tgz. Extracting by manifest.
705 silly tarball no local data for @fontsource/noto-sans-sc@https://registry.npmjs.org/@fontsource/noto-sans-sc/-/noto-sans-sc-5.3.0.tgz. Extracting by manifest.
706 silly tarball no local data for @humanfs/node@https://registry.npmjs.org/@humanfs/node/-/node-0.16.8.tgz. Extracting by manifest.
707 silly tarball no local data for @humanfs/core@https://registry.npmjs.org/@humanfs/core/-/core-0.19.2.tgz. Extracting by manifest.
708 silly tarball no local data for @eslint/plugin-kit@https://registry.npmjs.org/@eslint/plugin-kit/-/plugin-kit-0.7.2.tgz. Extracting by manifest.
709 silly tarball no local data for @eslint/js@https://registry.npmjs.org/@eslint/js/-/js-10.0.1.tgz. Extracting by manifest.
710 silly tarball no local data for @eslint/object-schema@https://registry.npmjs.org/@eslint/object-schema/-/object-schema-3.0.5.tgz. Extracting by manifest.
711 silly tarball no local data for @eslint/core@https://registry.npmjs.org/@eslint/core/-/core-1.2.1.tgz. Extracting by manifest.
712 silly tarball no local data for @eslint/config-helpers@https://registry.npmjs.org/@eslint/config-helpers/-/config-helpers-0.7.0.tgz. Extracting by manifest.
713 silly tarball no local data for @eslint/config-array@https://registry.npmjs.org/@eslint/config-array/-/config-array-0.23.5.tgz. Extracting by manifest.
714 silly tarball no local data for @emotion/unitless@https://registry.npmjs.org/@emotion/unitless/-/unitless-0.7.5.tgz. Extracting by manifest.
715 silly tarball no local data for @eslint-community/eslint-utils@https://registry.npmjs.org/@eslint-community/eslint-utils/-/eslint-utils-4.10.1.tgz. Extracting by manifest.
716 silly tarball no local data for @esbuild/win32-x64@https://registry.npmjs.org/@esbuild/win32-x64/-/win32-x64-0.25.12.tgz. Extracting by manifest.
717 silly tarball no local data for @eslint-community/regexpp@https://registry.npmjs.org/@eslint-community/regexpp/-/regexpp-4.12.2.tgz. Extracting by manifest.
718 silly tarball no local data for @emotion/hash@https://registry.npmjs.org/@emotion/hash/-/hash-0.8.0.tgz. Extracting by manifest.
719 silly tarball no local data for @csstools/css-tokenizer@https://registry.npmjs.org/@csstools/css-tokenizer/-/css-tokenizer-3.0.4.tgz. Extracting by manifest.
720 silly tarball no local data for @babel/types@https://registry.npmjs.org/@babel/types/-/types-7.29.8.tgz. Extracting by manifest.
721 silly tarball no local data for @csstools/css-parser-algorithms@https://registry.npmjs.org/@csstools/css-parser-algorithms/-/css-parser-algorithms-3.0.5.tgz. Extracting by manifest.
722 silly tarball no local data for @csstools/css-color-parser@https://registry.npmjs.org/@csstools/css-color-parser/-/css-color-parser-3.1.0.tgz. Extracting by manifest.
723 silly tarball no local data for @csstools/css-calc@https://registry.npmjs.org/@csstools/css-calc/-/css-calc-2.1.4.tgz. Extracting by manifest.
724 silly tarball no local data for @csstools/color-helpers@https://registry.npmjs.org/@csstools/color-helpers/-/color-helpers-5.1.0.tgz. Extracting by manifest.
725 silly tarball no local data for @babel/template@https://registry.npmjs.org/@babel/template/-/template-7.29.7.tgz. Extracting by manifest.
726 silly tarball no local data for @babel/runtime@https://registry.npmjs.org/@babel/runtime/-/runtime-7.29.7.tgz. Extracting by manifest.
727 silly tarball no local data for @babel/traverse@https://registry.npmjs.org/@babel/traverse/-/traverse-7.29.8.tgz. Extracting by manifest.
728 silly tarball no local data for @babel/plugin-transform-react-jsx-self@https://registry.npmjs.org/@babel/plugin-transform-react-jsx-self/-/plugin-transform-react-jsx-self-7.29.7.tgz. Extracting by manifest.
729 silly tarball no local data for @babel/parser@https://registry.npmjs.org/@babel/parser/-/parser-7.29.8.tgz. Extracting by manifest.
730 silly tarball no local data for @babel/helpers@https://registry.npmjs.org/@babel/helpers/-/helpers-7.29.7.tgz. Extracting by manifest.
731 silly tarball no local data for @babel/plugin-transform-react-jsx-source@https://registry.npmjs.org/@babel/plugin-transform-react-jsx-source/-/plugin-transform-react-jsx-source-7.29.7.tgz. Extracting by manifest.
732 silly tarball no local data for @babel/helper-validator-identifier@https://registry.npmjs.org/@babel/helper-validator-identifier/-/helper-validator-identifier-7.29.7.tgz. Extracting by manifest.
733 silly tarball no local data for @babel/helper-validator-option@https://registry.npmjs.org/@babel/helper-validator-option/-/helper-validator-option-7.29.7.tgz. Extracting by manifest.
734 silly tarball no local data for @babel/helper-plugin-utils@https://registry.npmjs.org/@babel/helper-plugin-utils/-/helper-plugin-utils-7.29.7.tgz. Extracting by manifest.
735 silly tarball no local data for @babel/helper-string-parser@https://registry.npmjs.org/@babel/helper-string-parser/-/helper-string-parser-7.29.7.tgz. Extracting by manifest.
736 silly tarball no local data for @babel/helper-module-imports@https://registry.npmjs.org/@babel/helper-module-imports/-/helper-module-imports-7.29.7.tgz. Extracting by manifest.
737 silly tarball no local data for @babel/helper-module-transforms@https://registry.npmjs.org/@babel/helper-module-transforms/-/helper-module-transforms-7.29.7.tgz. Extracting by manifest.
738 silly tarball no local data for @babel/helper-globals@https://registry.npmjs.org/@babel/helper-globals/-/helper-globals-7.29.7.tgz. Extracting by manifest.
739 silly tarball no local data for @babel/helper-compilation-targets@https://registry.npmjs.org/@babel/helper-compilation-targets/-/helper-compilation-targets-7.29.7.tgz. Extracting by manifest.
740 silly tarball no local data for @asamuzakjp/css-color@https://registry.npmjs.org/@asamuzakjp/css-color/-/css-color-3.2.0.tgz. Extracting by manifest.
741 silly tarball no local data for @babel/generator@https://registry.npmjs.org/@babel/generator/-/generator-7.29.8.tgz. Extracting by manifest.
742 silly tarball no local data for @ant-design/react-slick@https://registry.npmjs.org/@ant-design/react-slick/-/react-slick-2.0.0.tgz. Extracting by manifest.
743 silly tarball no local data for @babel/core@https://registry.npmjs.org/@babel/core/-/core-7.29.7.tgz. Extracting by manifest.
744 silly tarball no local data for @ant-design/icons-svg@https://registry.npmjs.org/@ant-design/icons-svg/-/icons-svg-4.5.0.tgz. Extracting by manifest.
745 silly tarball no local data for @ant-design/fast-color@https://registry.npmjs.org/@ant-design/fast-color/-/fast-color-3.0.1.tgz. Extracting by manifest.
746 silly tarball no local data for @babel/compat-data@https://registry.npmjs.org/@babel/compat-data/-/compat-data-7.29.7.tgz. Extracting by manifest.
747 silly tarball no local data for @babel/code-frame@https://registry.npmjs.org/@babel/code-frame/-/code-frame-7.29.7.tgz. Extracting by manifest.
748 silly tarball no local data for @ant-design/icons@https://registry.npmjs.org/@ant-design/icons/-/icons-6.3.2.tgz. Extracting by manifest.
749 silly tarball no local data for @adobe/css-tools@https://registry.npmjs.org/@adobe/css-tools/-/css-tools-4.5.0.tgz. Extracting by manifest.
750 silly tarball no local data for @ant-design/cssinjs@https://registry.npmjs.org/@ant-design/cssinjs/-/cssinjs-2.1.2.tgz. Extracting by manifest.
751 silly tarball no local data for @ant-design/colors@https://registry.npmjs.org/@ant-design/colors/-/colors-8.0.1.tgz. Extracting by manifest.
752 silly tarball no local data for ignore@https://registry.npmjs.org/ignore/-/ignore-7.0.6.tgz. Extracting by manifest.
753 silly tarball no local data for json-schema-traverse@https://registry.npmjs.org/json-schema-traverse/-/json-schema-traverse-0.4.1.tgz. Extracting by manifest.
754 silly tarball no local data for ajv@https://registry.npmjs.org/ajv/-/ajv-6.15.0.tgz. Extracting by manifest.
755 silly tarball no local data for semver@https://registry.npmjs.org/semver/-/semver-7.8.5.tgz. Extracting by manifest.
756 silly tarball no local data for @ant-design/cssinjs-utils@https://registry.npmjs.org/@ant-design/cssinjs-utils/-/cssinjs-utils-2.1.2.tgz. Extracting by manifest.
757 silly tarball no local data for react-is@https://registry.npmjs.org/react-is/-/react-is-19.2.8.tgz. Extracting by manifest.
758 silly tarball no local data for @babel/runtime@https://registry.npmjs.org/@babel/runtime/-/runtime-8.0.0.tgz. Extracting by manifest.
759 silly tarball no local data for eslint-visitor-keys@https://registry.npmjs.org/eslint-visitor-keys/-/eslint-visitor-keys-3.4.3.tgz. Extracting by manifest.
760 silly tarball no local data for lru-cache@https://registry.npmjs.org/lru-cache/-/lru-cache-10.4.3.tgz. Extracting by manifest.
761 silly tarball no local data for dom-accessibility-api@https://registry.npmjs.org/dom-accessibility-api/-/dom-accessibility-api-0.6.3.tgz. Extracting by manifest.
762 silly tarball no local data for js-tokens@https://registry.npmjs.org/js-tokens/-/js-tokens-4.0.0.tgz. Extracting by manifest.
763 http fetch GET 200 https://registry.npmjs.org/whatwg-encoding/-/whatwg-encoding-3.1.1.tgz 912ms (cache miss)
764 warn deprecated whatwg-encoding@3.1.1: Use @exodus/bytes instead for a more spec-conformant and faster implementation
765 http fetch GET 200 https://registry.npmjs.org/which/-/which-2.0.2.tgz 915ms (cache miss)
766 http fetch GET 200 https://registry.npmjs.org/yocto-queue/-/yocto-queue-0.1.0.tgz 940ms (cache miss)
767 http fetch GET 200 https://registry.npmjs.org/word-wrap/-/word-wrap-1.2.5.tgz 1165ms (cache miss)
768 http fetch GET 200 https://registry.npmjs.org/whatwg-mimetype/-/whatwg-mimetype-4.0.0.tgz 1181ms (cache miss)
769 http fetch GET 200 https://registry.npmjs.org/zod-validation-error/-/zod-validation-error-4.0.2.tgz 1198ms (cache miss)
770 http fetch GET 200 https://registry.npmjs.org/w3c-xmlserializer/-/w3c-xmlserializer-5.0.0.tgz 1361ms (cache miss)
771 http fetch GET 200 https://registry.npmjs.org/update-browserslist-db/-/update-browserslist-db-1.3.1.tgz 1383ms (cache miss)
772 http fetch GET 200 https://registry.npmjs.org/typescript-eslint/-/typescript-eslint-8.67.0.tgz 1428ms (cache miss)
773 http fetch GET 200 https://registry.npmjs.org/zustand/-/zustand-5.0.15.tgz 1502ms (cache miss)
774 http fetch GET 200 https://registry.npmjs.org/webidl-conversions/-/webidl-conversions-7.0.0.tgz 1570ms (cache miss)
775 http fetch GET 200 https://registry.npmjs.org/undici-types/-/undici-types-6.21.0.tgz 1620ms (cache miss)
776 http fetch GET 200 https://registry.npmjs.org/type-check/-/type-check-0.4.0.tgz 1707ms (cache miss)
777 http fetch GET 200 https://registry.npmjs.org/yallist/-/yallist-3.1.1.tgz 1843ms (cache miss)
778 http fetch GET 200 https://registry.npmjs.org/ws/-/ws-8.21.3.tgz 1909ms (cache miss)
779 http fetch GET 200 https://registry.npmjs.org/whatwg-url/-/whatwg-url-14.2.0.tgz 1990ms (cache miss)
780 http fetch GET 200 https://registry.npmjs.org/xmlchars/-/xmlchars-2.2.0.tgz 2012ms (cache miss)
781 http fetch GET 200 https://registry.npmjs.org/vite-node/-/vite-node-3.2.4.tgz 2118ms (cache miss)
782 http fetch GET 200 https://registry.npmjs.org/tough-cookie/-/tough-cookie-5.1.2.tgz 2119ms (cache miss)
783 http fetch GET 200 https://registry.npmjs.org/tinyrainbow/-/tinyrainbow-2.0.0.tgz 2216ms (cache miss)
784 http fetch GET 200 https://registry.npmjs.org/tr46/-/tr46-5.1.1.tgz 2227ms (cache miss)
785 http fetch GET 200 https://registry.npmjs.org/tinyglobby/-/tinyglobby-0.2.17.tgz 2315ms (cache miss)
786 http fetch GET 200 https://registry.npmjs.org/tinyexec/-/tinyexec-0.3.2.tgz 2316ms (cache miss)
787 http fetch GET 200 https://registry.npmjs.org/ts-api-utils/-/ts-api-utils-2.5.0.tgz 2353ms (cache miss)
788 http fetch GET 200 https://registry.npmjs.org/tinyspy/-/tinyspy-4.0.4.tgz 2400ms (cache miss)
789 http fetch GET 200 https://registry.npmjs.org/tldts-core/-/tldts-core-6.1.86.tgz 2536ms (cache miss)
790 http fetch GET 200 https://registry.npmjs.org/xml-name-validator/-/xml-name-validator-5.0.0.tgz 2581ms (cache miss)
791 http fetch GET 200 https://registry.npmjs.org/strip-literal/-/strip-literal-3.1.0.tgz 2622ms (cache miss)
792 http fetch GET 200 https://registry.npmjs.org/uri-js/-/uri-js-4.4.1.tgz 2694ms (cache miss)
793 http fetch GET 200 https://registry.npmjs.org/tinypool/-/tinypool-1.1.1.tgz 2699ms (cache miss)
794 http fetch GET 200 https://registry.npmjs.org/strip-indent/-/strip-indent-3.0.0.tgz 2703ms (cache miss)
795 http fetch GET 200 https://registry.npmjs.org/string-convert/-/string-convert-0.2.1.tgz 2776ms (cache miss)
796 http fetch GET 200 https://registry.npmjs.org/symbol-tree/-/symbol-tree-3.2.4.tgz 2789ms (cache miss)
797 http fetch GET 200 https://registry.npmjs.org/stackback/-/stackback-0.0.2.tgz 2828ms (cache miss)
798 http fetch GET 200 https://registry.npmjs.org/why-is-node-running/-/why-is-node-running-2.3.0.tgz 2905ms (cache miss)
799 http fetch GET 200 https://registry.npmjs.org/siginfo/-/siginfo-2.0.0.tgz 2914ms (cache miss)
800 http fetch GET 200 https://registry.npmjs.org/shebang-command/-/shebang-command-2.0.0.tgz 2919ms (cache miss)
801 http fetch GET 200 https://registry.npmjs.org/std-env/-/std-env-3.10.0.tgz 3073ms (cache miss)
802 http fetch GET 200 https://registry.npmjs.org/stylis/-/stylis-4.4.0.tgz 3077ms (cache miss)
803 http fetch GET 200 https://registry.npmjs.org/tinybench/-/tinybench-2.9.0.tgz 3217ms (cache miss)
804 http fetch GET 200 https://registry.npmjs.org/throttle-debounce/-/throttle-debounce-5.0.2.tgz 3217ms (cache miss)
805 http fetch GET 200 https://registry.npmjs.org/vitest/-/vitest-3.2.7.tgz 3243ms (cache miss)
806 http fetch GET 200 https://registry.npmjs.org/saxes/-/saxes-6.0.0.tgz 3286ms (cache miss)
807 http fetch GET 200 https://registry.npmjs.org/source-map-js/-/source-map-js-1.2.1.tgz 3373ms (cache miss)
808 http fetch GET 200 https://registry.npmjs.org/scheduler/-/scheduler-0.27.0.tgz 3381ms (cache miss)
809 http fetch GET 200 https://registry.npmjs.org/scroll-into-view-if-needed/-/scroll-into-view-if-needed-3.1.0.tgz 3413ms (cache miss)
810 http fetch GET 200 https://registry.npmjs.org/redent/-/redent-3.0.0.tgz 3428ms (cache miss)
811 http fetch GET 200 https://registry.npmjs.org/shebang-regex/-/shebang-regex-3.0.0.tgz 3429ms (cache miss)
812 http fetch GET 200 https://registry.npmjs.org/safer-buffer/-/safer-buffer-2.1.2.tgz 3432ms (cache miss)
813 http fetch GET 200 https://registry.npmjs.org/react-is/-/react-is-17.0.2.tgz 3453ms (cache miss)
814 http fetch GET 200 https://registry.npmjs.org/require-from-string/-/require-from-string-2.0.2.tgz 3591ms (cache miss)
815 http fetch GET 200 https://registry.npmjs.org/punycode/-/punycode-2.3.1.tgz 3638ms (cache miss)
816 http fetch GET 200 https://registry.npmjs.org/prelude-ls/-/prelude-ls-1.2.1.tgz 3656ms (cache miss)
817 http fetch GET 200 https://registry.npmjs.org/pretty-format/-/pretty-format-27.5.1.tgz 3952ms (cache miss)
818 http fetch GET 200 https://registry.npmjs.org/react/-/react-19.2.8.tgz 3991ms (cache miss)
819 http fetch GET 200 https://registry.npmjs.org/semver/-/semver-6.3.1.tgz 4065ms (cache miss)
820 http fetch GET 200 https://registry.npmjs.org/rrweb-cssom/-/rrweb-cssom-0.8.0.tgz 4189ms (cache miss)
821 http fetch GET 200 https://registry.npmjs.org/path-key/-/path-key-3.1.1.tgz 4192ms (cache miss)
822 http fetch GET 200 https://registry.npmjs.org/postcss/-/postcss-8.5.26.tgz 4230ms (cache miss)
823 http fetch GET 200 https://registry.npmjs.org/picocolors/-/picocolors-1.1.1.tgz 4397ms (cache miss)
824 http fetch GET 200 https://registry.npmjs.org/react-refresh/-/react-refresh-0.17.0.tgz 4406ms (cache miss)
825 http fetch GET 200 https://registry.npmjs.org/path-exists/-/path-exists-4.0.0.tgz 4408ms (cache miss)
826 http fetch GET 200 https://registry.npmjs.org/pathe/-/pathe-2.0.3.tgz 4425ms (cache miss)
827 http fetch GET 200 https://registry.npmjs.org/pathval/-/pathval-2.0.1.tgz 4430ms (cache miss)
828 http fetch GET 200 https://registry.npmjs.org/p-locate/-/p-locate-5.0.0.tgz 4446ms (cache miss)
829 http fetch GET 200 https://registry.npmjs.org/zod/-/zod-3.25.76.tgz 4561ms (cache miss)
830 http fetch GET 200 https://registry.npmjs.org/p-limit/-/p-limit-3.1.0.tgz 4623ms (cache miss)
831 http fetch GET 200 https://registry.npmjs.org/vite/-/vite-6.4.3.tgz 4716ms (cache miss)
832 http fetch GET 200 https://registry.npmjs.org/ms/-/ms-2.1.3.tgz 4717ms (cache miss)
833 http fetch GET 200 https://registry.npmjs.org/picomatch/-/picomatch-4.0.5.tgz 4789ms (cache miss)
834 http fetch GET 200 https://registry.npmjs.org/nanoid/-/nanoid-3.3.18.tgz 4836ms (cache miss)
835 http fetch GET 200 https://registry.npmjs.org/optionator/-/optionator-0.9.4.tgz 4880ms (cache miss)
836 http fetch GET 200 https://registry.npmjs.org/min-indent/-/min-indent-1.0.1.tgz 4994ms (cache miss)
837 http fetch GET 200 https://registry.npmjs.org/node-releases/-/node-releases-2.0.53.tgz 5132ms (cache miss)
838 http fetch GET 200 https://registry.npmjs.org/nwsapi/-/nwsapi-2.2.24.tgz 5174ms (cache miss)
839 http fetch GET 200 https://registry.npmjs.org/parse5/-/parse5-7.3.0.tgz 5193ms (cache miss)
840 http fetch GET 200 https://registry.npmjs.org/loupe/-/loupe-3.2.1.tgz 5247ms (cache miss)
841 http fetch GET 200 https://registry.npmjs.org/lru-cache/-/lru-cache-5.1.1.tgz 5382ms (cache miss)
842 http fetch GET 200 https://registry.npmjs.org/tldts/-/tldts-6.1.86.tgz 5407ms (cache miss)
843 http fetch GET 200 https://registry.npmjs.org/magic-string/-/magic-string-0.30.21.tgz 5420ms (cache miss)
844 http fetch GET 200 https://registry.npmjs.org/natural-compare/-/natural-compare-1.4.0.tgz 5539ms (cache miss)
845 http fetch GET 200 https://registry.npmjs.org/locate-path/-/locate-path-6.0.0.tgz 5564ms (cache miss)
846 http fetch GET 200 https://registry.npmjs.org/json2mq/-/json2mq-0.2.0.tgz 5607ms (cache miss)
847 http fetch GET 200 https://registry.npmjs.org/levn/-/levn-0.4.1.tgz 5657ms (cache miss)
848 http fetch GET 200 https://registry.npmjs.org/keyv/-/keyv-4.5.4.tgz 5662ms (cache miss)
849 http fetch GET 200 https://registry.npmjs.org/minimatch/-/minimatch-10.2.6.tgz 5697ms (cache miss)
850 http fetch GET 200 https://registry.npmjs.org/json-stable-stringify-without-jsonify/-/json-stable-stringify-without-jsonify-1.0.1.tgz 5748ms (cache miss)
851 http fetch GET 200 https://registry.npmjs.org/lz-string/-/lz-string-1.5.0.tgz 5750ms (cache miss)
852 http fetch GET 200 https://registry.npmjs.org/json-buffer/-/json-buffer-3.0.1.tgz 5890ms (cache miss)
853 http fetch GET 200 https://registry.npmjs.org/is-mobile/-/is-mobile-5.0.0.tgz 5895ms (cache miss)
854 http fetch GET 200 https://registry.npmjs.org/json-schema-traverse/-/json-schema-traverse-1.0.0.tgz 5896ms (cache miss)
855 http fetch GET 200 https://registry.npmjs.org/is-glob/-/is-glob-4.0.3.tgz 5903ms (cache miss)
856 http fetch GET 200 https://registry.npmjs.org/json5/-/json5-2.2.3.tgz 5935ms (cache miss)
857 http fetch GET 200 https://registry.npmjs.org/js-tokens/-/js-tokens-9.0.1.tgz 5939ms (cache miss)
858 http fetch GET 200 https://registry.npmjs.org/is-potential-custom-element-name/-/is-potential-custom-element-name-1.0.1.tgz 5949ms (cache miss)
859 http fetch GET 200 https://registry.npmjs.org/indent-string/-/indent-string-4.0.0.tgz 6110ms (cache miss)
860 http fetch GET 200 https://registry.npmjs.org/isexe/-/isexe-2.0.0.tgz 6138ms (cache miss)
861 http fetch GET 200 https://registry.npmjs.org/rollup/-/rollup-4.62.4.tgz 6148ms (cache miss)
862 http fetch GET 200 https://registry.npmjs.org/ignore/-/ignore-5.3.2.tgz 6164ms (cache miss)
863 http fetch GET 200 https://registry.npmjs.org/imurmurhash/-/imurmurhash-0.1.4.tgz 6174ms (cache miss)
864 http fetch GET 200 https://registry.npmjs.org/is-extglob/-/is-extglob-2.1.1.tgz 6208ms (cache miss)
865 http fetch GET 200 https://registry.npmjs.org/jsesc/-/jsesc-3.1.0.tgz 6367ms (cache miss)
866 http fetch GET 200 https://registry.npmjs.org/https-proxy-agent/-/https-proxy-agent-7.0.6.tgz 6398ms (cache miss)
867 http fetch GET 200 https://registry.npmjs.org/gensync/-/gensync-1.0.0-beta.2.tgz 6425ms (cache miss)
868 http fetch GET 200 https://registry.npmjs.org/jsdom/-/jsdom-26.1.0.tgz 6532ms (cache miss)
869 http fetch GET 200 https://registry.npmjs.org/http-proxy-agent/-/http-proxy-agent-7.0.2.tgz 6571ms (cache miss)
870 http fetch GET 200 https://registry.npmjs.org/globals/-/globals-17.11.0.tgz 6682ms (cache miss)
871 http fetch GET 200 https://registry.npmjs.org/playwright/-/playwright-1.62.1.tgz 6718ms (cache miss)
872 http fetch GET 200 https://registry.npmjs.org/find-up/-/find-up-5.0.0.tgz 6843ms (cache miss)
873 http fetch GET 200 https://registry.npmjs.org/fast-levenshtein/-/fast-levenshtein-2.0.6.tgz 6914ms (cache miss)
874 http fetch GET 200 https://registry.npmjs.org/html-encoding-sniffer/-/html-encoding-sniffer-4.0.0.tgz 7085ms (cache miss)
875 http fetch GET 200 https://registry.npmjs.org/fast-deep-equal/-/fast-deep-equal-3.1.3.tgz 7115ms (cache miss)
876 http fetch GET 200 https://registry.npmjs.org/flat-cache/-/flat-cache-4.0.1.tgz 7124ms (cache miss)
877 http fetch GET 200 https://registry.npmjs.org/glob-parent/-/glob-parent-6.0.2.tgz 7229ms (cache miss)
878 http fetch GET 200 https://registry.npmjs.org/iconv-lite/-/iconv-lite-0.6.3.tgz 7238ms (cache miss)
879 http fetch GET 200 https://registry.npmjs.org/hermes-estree/-/hermes-estree-0.25.1.tgz 7274ms (cache miss)
880 http fetch GET 200 https://registry.npmjs.org/fast-json-stable-stringify/-/fast-json-stable-stringify-2.1.0.tgz 7310ms (cache miss)
881 http fetch GET 200 https://registry.npmjs.org/fast-uri/-/fast-uri-3.1.5.tgz 7328ms (cache miss)
882 http fetch GET 200 https://registry.npmjs.org/estree-walker/-/estree-walker-3.0.3.tgz 7342ms (cache miss)
883 http fetch GET 200 https://registry.npmjs.org/flatted/-/flatted-3.4.4.tgz 7370ms (cache miss)
884 http fetch GET 200 https://registry.npmjs.org/hermes-parser/-/hermes-parser-0.25.1.tgz 7393ms (cache miss)
885 http fetch GET 200 https://registry.npmjs.org/esutils/-/esutils-2.0.3.tgz 7568ms (cache miss)
886 http fetch GET 200 https://registry.npmjs.org/eslint-plugin-react-refresh/-/eslint-plugin-react-refresh-0.5.4.tgz 7580ms (cache miss)
887 http fetch GET 200 https://registry.npmjs.org/eslint-visitor-keys/-/eslint-visitor-keys-5.0.1.tgz 7584ms (cache miss)
888 http fetch GET 200 https://registry.npmjs.org/file-entry-cache/-/file-entry-cache-8.0.0.tgz 7611ms (cache miss)
889 http fetch GET 200 https://registry.npmjs.org/esrecurse/-/esrecurse-4.3.0.tgz 7683ms (cache miss)
890 http fetch GET 200 https://registry.npmjs.org/estraverse/-/estraverse-5.3.0.tgz 7767ms (cache miss)
891 http fetch GET 200 https://registry.npmjs.org/escalade/-/escalade-3.2.0.tgz 7783ms (cache miss)
892 http fetch GET 200 https://registry.npmjs.org/eslint-scope/-/eslint-scope-9.1.2.tgz 7837ms (cache miss)
893 http fetch GET 200 https://registry.npmjs.org/escape-string-regexp/-/escape-string-regexp-4.0.0.tgz 7861ms (cache miss)
894 http fetch GET 200 https://registry.npmjs.org/fdir/-/fdir-6.5.0.tgz 7889ms (cache miss)
895 http fetch GET 200 https://registry.npmjs.org/expect-type/-/expect-type-1.4.0.tgz 7901ms (cache miss)
896 http fetch GET 200 https://registry.npmjs.org/dequal/-/dequal-2.0.3.tgz 8075ms (cache miss)
897 http fetch GET 200 https://registry.npmjs.org/espree/-/espree-11.2.0.tgz 8095ms (cache miss)
898 http fetch GET 200 https://registry.npmjs.org/esbuild/-/esbuild-0.25.12.tgz 8151ms (cache miss)
899 http fetch GET 200 https://registry.npmjs.org/dom-accessibility-api/-/dom-accessibility-api-0.5.16.tgz 8275ms (cache miss)
900 http fetch GET 200 https://registry.npmjs.org/deep-is/-/deep-is-0.1.4.tgz 8366ms (cache miss)
901 http fetch GET 200 https://registry.npmjs.org/data-urls/-/data-urls-5.0.0.tgz 8501ms (cache miss)
902 http fetch GET 200 https://registry.npmjs.org/esquery/-/esquery-1.7.0.tgz 8513ms (cache miss)
903 http fetch GET 200 https://registry.npmjs.org/debug/-/debug-4.4.3.tgz 8609ms (cache miss)
904 http fetch GET 200 https://registry.npmjs.org/css.escape/-/css.escape-1.5.1.tgz 8740ms (cache miss)
905 http fetch GET 200 https://registry.npmjs.org/cross-spawn/-/cross-spawn-7.0.6.tgz 9013ms (cache miss)
906 http fetch GET 200 https://registry.npmjs.org/dayjs/-/dayjs-1.11.21.tgz 9080ms (cache miss)
907 http fetch GET 200 https://registry.npmjs.org/csstype/-/csstype-3.2.3.tgz 9103ms (cache miss)
908 http fetch GET 200 https://registry.npmjs.org/convert-source-map/-/convert-source-map-2.0.0.tgz 9199ms (cache miss)
909 http fetch GET 200 https://registry.npmjs.org/clsx/-/clsx-2.1.1.tgz 9300ms (cache miss)
910 http fetch GET 200 https://registry.npmjs.org/deep-eql/-/deep-eql-5.0.2.tgz 9310ms (cache miss)
911 http fetch GET 200 https://registry.npmjs.org/check-error/-/check-error-2.1.3.tgz 9330ms (cache miss)
912 http fetch GET 200 https://registry.npmjs.org/react-dom/-/react-dom-19.2.8.tgz 9603ms (cache miss)
913 http fetch GET 200 https://registry.npmjs.org/cssstyle/-/cssstyle-4.6.0.tgz 9606ms (cache miss)
914 http fetch GET 200 https://registry.npmjs.org/compute-scroll-into-view/-/compute-scroll-into-view-3.1.1.tgz 9727ms (cache miss)
915 http fetch GET 200 https://registry.npmjs.org/es-module-lexer/-/es-module-lexer-1.7.0.tgz 9825ms (cache miss)
916 http fetch GET 200 https://registry.npmjs.org/brace-expansion/-/brace-expansion-5.0.9.tgz 9831ms (cache miss)
917 http fetch GET 200 https://registry.npmjs.org/balanced-match/-/balanced-match-4.0.4.tgz 9944ms (cache miss)
918 http fetch GET 200 https://registry.npmjs.org/assertion-error/-/assertion-error-2.0.1.tgz 10027ms (cache miss)
919 http fetch GET 200 https://registry.npmjs.org/chai/-/chai-5.3.3.tgz 10119ms (cache miss)
920 http fetch GET 200 https://registry.npmjs.org/eslint/-/eslint-10.8.1.tgz 10201ms (cache miss)
921 http fetch GET 200 https://registry.npmjs.org/cac/-/cac-6.7.14.tgz 10326ms (cache miss)
922 http fetch GET 200 https://registry.npmjs.org/aria-query/-/aria-query-5.3.0.tgz 10412ms (cache miss)
923 http fetch GET 200 https://registry.npmjs.org/ansi-regex/-/ansi-regex-5.0.1.tgz 10573ms (cache miss)
924 http fetch GET 200 https://registry.npmjs.org/ajv-formats/-/ajv-formats-3.0.1.tgz 10608ms (cache miss)
925 http fetch GET 200 https://registry.npmjs.org/caniuse-lite/-/caniuse-lite-1.0.30001809.tgz 10688ms (cache miss)
926 http fetch GET 200 https://registry.npmjs.org/baseline-browser-mapping/-/baseline-browser-mapping-2.11.14.tgz 10794ms (cache miss)
927 http fetch GET 200 https://registry.npmjs.org/acorn-jsx/-/acorn-jsx-5.3.2.tgz 10837ms (cache miss)
928 http fetch GET 200 https://registry.npmjs.org/ansi-styles/-/ansi-styles-5.2.0.tgz 10858ms (cache miss)
929 http fetch GET 200 https://registry.npmjs.org/agent-base/-/agent-base-7.1.4.tgz 11083ms (cache miss)
930 http fetch GET 200 https://registry.npmjs.org/@vitest/utils/-/utils-3.2.7.tgz 11178ms (cache miss)
931 http fetch GET 200 https://registry.npmjs.org/@vitest/spy/-/spy-3.2.7.tgz 11353ms (cache miss)
932 http fetch GET 200 https://registry.npmjs.org/@vitest/runner/-/runner-3.2.7.tgz 11365ms (cache miss)
933 http fetch GET 200 https://registry.npmjs.org/@typescript-eslint/visitor-keys/-/visitor-keys-8.67.0.tgz 11379ms (cache miss)
934 http fetch GET 200 https://registry.npmjs.org/@vitest/snapshot/-/snapshot-3.2.7.tgz 11486ms (cache miss)
935 http fetch GET 200 https://registry.npmjs.org/ajv/-/ajv-8.20.0.tgz 11715ms (cache miss)
936 http fetch GET 200 https://registry.npmjs.org/@vitest/pretty-format/-/pretty-format-3.2.7.tgz 11813ms (cache miss)
937 http fetch GET 200 https://registry.npmjs.org/@vitest/mocker/-/mocker-3.2.7.tgz 11908ms (cache miss)
938 http fetch GET 200 https://registry.npmjs.org/acorn/-/acorn-8.18.0.tgz 11957ms (cache miss)
939 http fetch GET 200 https://registry.npmjs.org/@vitejs/plugin-react/-/plugin-react-4.7.0.tgz 12063ms (cache miss)
940 http fetch GET 200 https://registry.npmjs.org/@typescript-eslint/tsconfig-utils/-/tsconfig-utils-8.67.0.tgz 12133ms (cache miss)
941 http fetch GET 200 https://registry.npmjs.org/browserslist/-/browserslist-4.28.8.tgz 12151ms (cache miss)
942 http fetch GET 200 https://registry.npmjs.org/typescript/-/typescript-5.9.3.tgz 12283ms (cache miss)
943 http fetch GET 200 https://registry.npmjs.org/@typescript-eslint/utils/-/utils-8.67.0.tgz 12321ms (cache miss)
944 http fetch GET 200 https://registry.npmjs.org/@vitest/expect/-/expect-3.2.7.tgz 12547ms (cache miss)
945 http fetch GET 200 https://registry.npmjs.org/@typescript-eslint/types/-/types-8.67.0.tgz 12561ms (cache miss)
946 http fetch GET 200 https://registry.npmjs.org/@types/react-dom/-/react-dom-19.2.4.tgz 12570ms (cache miss)
947 http fetch GET 200 https://registry.npmjs.org/@types/estree/-/estree-1.0.9.tgz 12750ms (cache miss)
948 http fetch GET 200 https://registry.npmjs.org/@typescript-eslint/project-service/-/project-service-8.67.0.tgz 12900ms (cache miss)
949 http fetch GET 200 https://registry.npmjs.org/decimal.js/-/decimal.js-10.6.0.tgz 12923ms (cache miss)
950 http fetch GET 200 https://registry.npmjs.org/@typescript-eslint/type-utils/-/type-utils-8.67.0.tgz 12940ms (cache miss)
951 http fetch GET 200 https://registry.npmjs.org/@typescript-eslint/typescript-estree/-/typescript-estree-8.67.0.tgz 12947ms (cache miss)
952 http fetch GET 200 https://registry.npmjs.org/@types/esrecurse/-/esrecurse-4.3.1.tgz 12975ms (cache miss)
953 http fetch GET 200 https://registry.npmjs.org/@types/json-schema/-/json-schema-7.0.15.tgz 12997ms (cache miss)
954 http fetch GET 200 https://registry.npmjs.org/@types/babel__template/-/babel__template-7.4.4.tgz 13184ms (cache miss)
955 http fetch GET 200 https://registry.npmjs.org/@types/react/-/react-19.2.18.tgz 13190ms (cache miss)
956 http fetch GET 200 https://registry.npmjs.org/@types/babel__traverse/-/babel__traverse-7.28.0.tgz 13190ms (cache miss)
957 http fetch GET 200 https://registry.npmjs.org/entities/-/entities-6.0.1.tgz 13270ms (cache miss)
958 http fetch GET 200 https://registry.npmjs.org/@typescript-eslint/scope-manager/-/scope-manager-8.67.0.tgz 13279ms (cache miss)
959 http fetch GET 200 https://registry.npmjs.org/@types/aria-query/-/aria-query-5.0.4.tgz 13431ms (cache miss)
960 http fetch GET 200 https://registry.npmjs.org/@typescript-eslint/parser/-/parser-8.67.0.tgz 13498ms (cache miss)
961 http fetch GET 200 https://registry.npmjs.org/@types/babel__core/-/babel__core-7.20.5.tgz 13636ms (cache miss)
962 http fetch GET 200 https://registry.npmjs.org/@types/babel__generator/-/babel__generator-7.27.0.tgz 13671ms (cache miss)
963 http fetch GET 200 https://registry.npmjs.org/@types/deep-eql/-/deep-eql-4.0.2.tgz 13802ms (cache miss)
964 http fetch GET 200 https://registry.npmjs.org/@rolldown/pluginutils/-/pluginutils-1.0.0-beta.27.tgz 13909ms (cache miss)
965 http fetch GET 200 https://registry.npmjs.org/@types/chai/-/chai-5.2.3.tgz 13964ms (cache miss)
966 http fetch GET 200 https://registry.npmjs.org/@rc-component/upload/-/upload-1.1.1.tgz 14147ms (cache miss)
967 http fetch GET 200 https://registry.npmjs.org/playwright-core/-/playwright-core-1.62.1.tgz 14676ms (cache miss)
968 http fetch GET 200 https://registry.npmjs.org/@rc-component/util/-/util-1.12.0.tgz 14997ms (cache miss)
969 http fetch GET 200 https://registry.npmjs.org/@rc-component/virtual-list/-/virtual-list-1.5.1.tgz 15037ms (cache miss)
970 http fetch GET 200 https://registry.npmjs.org/@testing-library/jest-dom/-/jest-dom-6.9.1.tgz 15136ms (cache miss)
971 http fetch GET 200 https://registry.npmjs.org/@rc-component/tree-select/-/tree-select-1.16.1.tgz 15277ms (cache miss)
972 http fetch GET 200 https://registry.npmjs.org/@rc-component/tour/-/tour-2.4.0.tgz 15392ms (cache miss)
973 http fetch GET 200 https://registry.npmjs.org/@testing-library/dom/-/dom-10.4.1.tgz 15412ms (cache miss)
974 http fetch GET 200 https://registry.npmjs.org/@rc-component/tooltip/-/tooltip-1.5.0.tgz 15529ms (cache miss)
975 http fetch GET 200 https://registry.npmjs.org/@rc-component/trigger/-/trigger-3.10.1.tgz 15794ms (cache miss)
976 http fetch GET 200 https://registry.npmjs.org/@rc-component/tabs/-/tabs-1.12.0.tgz 15834ms (cache miss)
977 http fetch GET 200 https://registry.npmjs.org/@rc-component/switch/-/switch-1.0.3.tgz 15878ms (cache miss)
978 http fetch GET 200 https://registry.npmjs.org/@rc-component/slider/-/slider-1.1.1.tgz 16179ms (cache miss)
979 http fetch GET 200 https://registry.npmjs.org/@rc-component/select/-/select-1.10.1.tgz 16184ms (cache miss)
980 http fetch GET 200 https://registry.npmjs.org/@rc-component/steps/-/steps-1.2.2.tgz 16344ms (cache miss)
981 http fetch GET 200 https://registry.npmjs.org/@rc-component/rate/-/rate-1.0.1.tgz 16431ms (cache miss)
982 http fetch GET 200 https://registry.npmjs.org/@rc-component/resize-observer/-/resize-observer-1.1.2.tgz 16461ms (cache miss)
983 http fetch GET 200 https://registry.npmjs.org/@typescript-eslint/eslint-plugin/-/eslint-plugin-8.67.0.tgz 16532ms (cache miss)
984 http fetch GET 200 https://registry.npmjs.org/@rc-component/segmented/-/segmented-1.3.0.tgz 16585ms (cache miss)
985 http fetch GET 200 https://registry.npmjs.org/@rc-component/table/-/table-1.11.1.tgz 16857ms (cache miss)
986 http fetch GET 200 https://registry.npmjs.org/@rc-component/tree/-/tree-1.4.0.tgz 16931ms (cache miss)
987 http fetch GET 200 https://registry.npmjs.org/@rc-component/qrcode/-/qrcode-2.0.0.tgz 16973ms (cache miss)
988 http fetch GET 200 https://registry.npmjs.org/@rc-component/portal/-/portal-2.2.1.tgz 17087ms (cache miss)
989 http fetch GET 200 https://registry.npmjs.org/@rc-component/notification/-/notification-2.0.7.tgz 17103ms (cache miss)
990 http fetch GET 200 https://registry.npmjs.org/electron-to-chromium/-/electron-to-chromium-1.5.406.tgz 17130ms (cache miss)
991 http fetch GET 200 https://registry.npmjs.org/@rc-component/mini-decimal/-/mini-decimal-1.1.4.tgz 17211ms (cache miss)
992 http fetch GET 200 https://registry.npmjs.org/@rc-component/overflow/-/overflow-1.0.1.tgz 17364ms (cache miss)
993 http fetch GET 200 https://registry.npmjs.org/@rc-component/mutate-observer/-/mutate-observer-2.0.1.tgz 17440ms (cache miss)
994 http fetch GET 200 https://registry.npmjs.org/@rc-component/motion/-/motion-1.3.3.tgz 17533ms (cache miss)
995 http fetch GET 200 https://registry.npmjs.org/@rc-component/progress/-/progress-1.0.2.tgz 17584ms (cache miss)
996 http fetch GET 200 https://registry.npmjs.org/@rc-component/menu/-/menu-1.4.1.tgz 17601ms (cache miss)
997 http fetch GET 200 https://registry.npmjs.org/@rc-component/listy/-/listy-1.2.3.tgz 17740ms (cache miss)
998 http fetch GET 200 https://registry.npmjs.org/@rc-component/input-number/-/input-number-1.6.2.tgz 17757ms (cache miss)
999 http fetch GET 200 https://registry.npmjs.org/@rc-component/dropdown/-/dropdown-1.0.3.tgz 17868ms (cache miss)
1000 http fetch GET 200 https://registry.npmjs.org/@rc-component/input/-/input-1.3.1.tgz 17912ms (cache miss)
1001 http fetch GET 200 https://registry.npmjs.org/@rc-component/picker/-/picker-1.12.0.tgz 18019ms (cache miss)
1002 http fetch GET 200 https://registry.npmjs.org/@rc-component/pagination/-/pagination-1.4.0.tgz 18062ms (cache miss)
1003 http fetch GET 200 https://registry.npmjs.org/@rc-component/collapse/-/collapse-1.2.0.tgz 18145ms (cache miss)
1004 http fetch GET 200 https://registry.npmjs.org/@rc-component/checkbox/-/checkbox-2.0.0.tgz 18246ms (cache miss)
1005 http fetch GET 200 https://registry.npmjs.org/@playwright/test/-/test-1.62.1.tgz 18432ms (cache miss)
1006 http fetch GET 200 https://registry.npmjs.org/@rc-component/dialog/-/dialog-1.10.0.tgz 18533ms (cache miss)
1007 http fetch GET 200 https://registry.npmjs.org/@rc-component/context/-/context-2.0.2.tgz 18564ms (cache miss)
1008 http fetch GET 200 https://registry.npmjs.org/@rc-component/drawer/-/drawer-1.4.2.tgz 18600ms (cache miss)
1009 http fetch GET 200 https://registry.npmjs.org/@rollup/rollup-win32-x64-msvc/-/rollup-win32-x64-msvc-4.62.4.tgz 18704ms (cache miss)
1010 http fetch GET 200 https://registry.npmjs.org/@rc-component/form/-/form-1.8.6.tgz 18710ms (cache miss)
1011 http fetch GET 200 https://registry.npmjs.org/@rc-component/mentions/-/mentions-1.11.0.tgz 18760ms (cache miss)
1012 http fetch GET 200 https://registry.npmjs.org/@jridgewell/resolve-uri/-/resolve-uri-3.1.2.tgz 18974ms (cache miss)
1013 http fetch GET 200 https://registry.npmjs.org/@testing-library/react/-/react-16.3.2.tgz 19445ms (cache miss)
1014 http fetch GET 200 https://registry.npmjs.org/@rc-component/color-picker/-/color-picker-3.1.1.tgz 19440ms (cache miss)
1015 http fetch GET 200 https://registry.npmjs.org/@rc-component/cascader/-/cascader-1.22.0.tgz 19466ms (cache miss)
1016 http fetch GET 200 https://registry.npmjs.org/@jridgewell/remapping/-/remapping-2.3.5.tgz 19469ms (cache miss)
1017 http fetch GET 200 https://registry.npmjs.org/@humanfs/types/-/types-0.15.0.tgz 19477ms (cache miss)
1018 http fetch GET 200 https://registry.npmjs.org/@rc-component/async-validator/-/async-validator-6.0.0.tgz 19489ms (cache miss)
1019 http fetch GET 200 https://registry.npmjs.org/@jridgewell/trace-mapping/-/trace-mapping-0.3.31.tgz 19808ms (cache miss)
1020 http fetch GET 200 https://registry.npmjs.org/@humanfs/core/-/core-0.19.2.tgz 19849ms (cache miss)
1021 http fetch GET 200 https://registry.npmjs.org/@eslint/js/-/js-10.0.1.tgz 19923ms (cache miss)
1022 http fetch GET 200 https://registry.npmjs.org/@humanwhocodes/retry/-/retry-0.4.3.tgz 20073ms (cache miss)
1023 http fetch GET 200 https://registry.npmjs.org/@rc-component/image/-/image-1.10.0.tgz 20715ms (cache miss)
1024 http fetch GET 200 https://registry.npmjs.org/@eslint/object-schema/-/object-schema-3.0.5.tgz 20806ms (cache miss)
1025 http fetch GET 200 https://registry.npmjs.org/@eslint/plugin-kit/-/plugin-kit-0.7.2.tgz 20848ms (cache miss)
1026 http fetch GET 200 https://registry.npmjs.org/@jridgewell/sourcemap-codec/-/sourcemap-codec-1.5.5.tgz 20866ms (cache miss)
1027 http fetch GET 200 https://registry.npmjs.org/@eslint/config-helpers/-/config-helpers-0.7.0.tgz 21003ms (cache miss)
1028 http fetch GET 200 https://registry.npmjs.org/@emotion/unitless/-/unitless-0.7.5.tgz 21059ms (cache miss)
1029 http fetch GET 200 https://registry.npmjs.org/@types/node/-/node-22.20.1.tgz 21149ms (cache miss)
1030 http fetch GET 200 https://registry.npmjs.org/@eslint/core/-/core-1.2.1.tgz 21173ms (cache miss)
1031 http fetch GET 200 https://registry.npmjs.org/@emotion/hash/-/hash-0.8.0.tgz 21255ms (cache miss)
1032 http fetch GET 200 https://registry.npmjs.org/@csstools/css-parser-algorithms/-/css-parser-algorithms-3.0.5.tgz 21515ms (cache miss)
1033 http fetch GET 200 https://registry.npmjs.org/@csstools/css-color-parser/-/css-color-parser-3.1.0.tgz 21823ms (cache miss)
1034 http fetch GET 200 https://registry.npmjs.org/@csstools/css-tokenizer/-/css-tokenizer-3.0.4.tgz 21826ms (cache miss)
1035 http fetch GET 200 https://registry.npmjs.org/@csstools/css-calc/-/css-calc-2.1.4.tgz 21916ms (cache miss)
1036 http fetch GET 200 https://registry.npmjs.org/@csstools/color-helpers/-/color-helpers-5.1.0.tgz 22394ms (cache miss)
1037 http fetch GET 200 https://registry.npmjs.org/@humanwhocodes/module-importer/-/module-importer-1.0.1.tgz 22473ms (cache miss)
1038 http fetch GET 200 https://registry.npmjs.org/@eslint/config-array/-/config-array-0.23.5.tgz 22625ms (cache miss)
1039 http fetch GET 200 https://registry.npmjs.org/@babel/template/-/template-7.29.7.tgz 22687ms (cache miss)
1040 http fetch GET 200 https://registry.npmjs.org/@babel/runtime/-/runtime-7.29.7.tgz 22721ms (cache miss)
1041 http fetch GET 200 https://registry.npmjs.org/@humanfs/node/-/node-0.16.8.tgz 22760ms (cache miss)
1042 http fetch GET 200 https://registry.npmjs.org/@jridgewell/gen-mapping/-/gen-mapping-0.3.13.tgz 22862ms (cache miss)
1043 http fetch GET 200 https://registry.npmjs.org/@babel/plugin-transform-react-jsx-self/-/plugin-transform-react-jsx-self-7.29.7.tgz 23040ms (cache miss)
1044 http fetch GET 200 https://registry.npmjs.org/@eslint-community/eslint-utils/-/eslint-utils-4.10.1.tgz 23092ms (cache miss)
1045 http fetch GET 200 https://registry.npmjs.org/@babel/helper-validator-option/-/helper-validator-option-7.29.7.tgz 23106ms (cache miss)
1046 http fetch GET 200 https://registry.npmjs.org/@babel/helper-string-parser/-/helper-string-parser-7.29.7.tgz 23409ms (cache miss)
1047 http fetch GET 200 https://registry.npmjs.org/@babel/helper-plugin-utils/-/helper-plugin-utils-7.29.7.tgz 23461ms (cache miss)
1048 http fetch GET 200 https://registry.npmjs.org/@babel/helper-module-imports/-/helper-module-imports-7.29.7.tgz 23547ms (cache miss)
1049 http fetch GET 200 https://registry.npmjs.org/@babel/plugin-transform-react-jsx-source/-/plugin-transform-react-jsx-source-7.29.7.tgz 23821ms (cache miss)
1050 http fetch GET 200 https://registry.npmjs.org/@babel/traverse/-/traverse-7.29.8.tgz 24069ms (cache miss)
1051 http fetch GET 200 https://registry.npmjs.org/@babel/helper-module-transforms/-/helper-module-transforms-7.29.7.tgz 24344ms (cache miss)
1052 http fetch GET 200 https://registry.npmjs.org/@babel/helpers/-/helpers-7.29.7.tgz 24531ms (cache miss)
1053 http fetch GET 200 https://registry.npmjs.org/@babel/helper-validator-identifier/-/helper-validator-identifier-7.29.7.tgz 24738ms (cache miss)
1054 http fetch GET 200 https://registry.npmjs.org/@eslint-community/regexpp/-/regexpp-4.12.2.tgz 25428ms (cache miss)
1055 http fetch GET 200 https://registry.npmjs.org/@babel/helper-compilation-targets/-/helper-compilation-targets-7.29.7.tgz 25548ms (cache miss)
1056 http fetch GET 200 https://registry.npmjs.org/@babel/types/-/types-7.29.8.tgz 25626ms (cache miss)
1057 http fetch GET 200 https://registry.npmjs.org/@babel/helper-globals/-/helper-globals-7.29.7.tgz 25736ms (cache miss)
1058 http fetch GET 200 https://registry.npmjs.org/@babel/generator/-/generator-7.29.8.tgz 25753ms (cache miss)
1059 http fetch GET 200 https://registry.npmjs.org/@babel/code-frame/-/code-frame-7.29.7.tgz 26123ms (cache miss)
1060 http fetch GET 200 https://registry.npmjs.org/@ant-design/fast-color/-/fast-color-3.0.1.tgz 26254ms (cache miss)
1061 http fetch GET 200 https://registry.npmjs.org/@babel/compat-data/-/compat-data-7.29.7.tgz 26300ms (cache miss)
1062 http fetch GET 200 https://registry.npmjs.org/@babel/parser/-/parser-7.29.8.tgz 26733ms (cache miss)
1063 http fetch GET 200 https://registry.npmjs.org/@ant-design/colors/-/colors-8.0.1.tgz 26774ms (cache miss)
1064 http fetch GET 200 https://registry.npmjs.org/@adobe/css-tools/-/css-tools-4.5.0.tgz 26916ms (cache miss)
1065 http fetch GET 200 https://registry.npmjs.org/@ant-design/react-slick/-/react-slick-2.0.0.tgz 26919ms (cache miss)
1066 http fetch GET 200 https://registry.npmjs.org/json-schema-traverse/-/json-schema-traverse-0.4.1.tgz 26964ms (cache miss)
1067 http fetch GET 200 https://registry.npmjs.org/@ant-design/cssinjs/-/cssinjs-2.1.2.tgz 27081ms (cache miss)
1068 http fetch GET 200 https://registry.npmjs.org/@babel/core/-/core-7.29.7.tgz 27148ms (cache miss)
1069 http fetch GET 200 https://registry.npmjs.org/react-is/-/react-is-19.2.8.tgz 27162ms (cache miss)
1070 http fetch GET 200 https://registry.npmjs.org/semver/-/semver-7.8.5.tgz 27550ms (cache miss)
1071 http fetch GET 200 https://registry.npmjs.org/@ant-design/cssinjs-utils/-/cssinjs-utils-2.1.2.tgz 27569ms (cache miss)
1072 http fetch GET 200 https://registry.npmjs.org/@babel/runtime/-/runtime-8.0.0.tgz 27575ms (cache miss)
1073 http fetch GET 200 https://registry.npmjs.org/eslint-visitor-keys/-/eslint-visitor-keys-3.4.3.tgz 27618ms (cache miss)
1074 http fetch GET 200 https://registry.npmjs.org/ignore/-/ignore-7.0.6.tgz 27701ms (cache miss)
1075 http fetch GET 200 https://registry.npmjs.org/js-tokens/-/js-tokens-4.0.0.tgz 27773ms (cache miss)
1076 http fetch GET 200 https://registry.npmjs.org/dom-accessibility-api/-/dom-accessibility-api-0.6.3.tgz 28751ms (cache miss)
1077 http fetch GET 200 https://registry.npmjs.org/lru-cache/-/lru-cache-10.4.3.tgz 29172ms (cache miss)
1078 http fetch GET 200 https://registry.npmjs.org/@asamuzakjp/css-color/-/css-color-3.2.0.tgz 30629ms (cache miss)
1079 http fetch GET 200 https://registry.npmjs.org/@rollup/rollup-win32-x64-gnu/-/rollup-win32-x64-gnu-4.62.4.tgz 31401ms (cache miss)
1080 http fetch GET 200 https://registry.npmjs.org/ajv/-/ajv-6.15.0.tgz 33544ms (cache miss)
1081 http fetch GET 200 https://registry.npmjs.org/antd/-/antd-6.6.0.tgz 34600ms (cache miss)
1082 http fetch GET 200 https://registry.npmjs.org/eslint-plugin-react-hooks/-/eslint-plugin-react-hooks-7.1.1.tgz 48907ms (cache miss)
1083 http fetch GET 200 https://registry.npmjs.org/@esbuild/win32-x64/-/win32-x64-0.25.12.tgz 49005ms (cache miss)
1084 http fetch GET 200 https://registry.npmjs.org/@ant-design/icons-svg/-/icons-svg-4.5.0.tgz 77252ms (cache miss)
1085 http fetch GET 200 https://registry.npmjs.org/@ant-design/icons/-/icons-6.3.2.tgz 79214ms (cache miss)
1086 http fetch GET 200 https://registry.npmjs.org/@fontsource/noto-sans-sc/-/noto-sans-sc-5.3.0.tgz 107344ms (cache miss)
1087 silly ADD node_modules/zustand
1088 silly ADD node_modules/zod-validation-error
1089 silly ADD node_modules/zod
1090 silly ADD node_modules/yocto-queue
1091 silly ADD node_modules/yallist
1092 silly ADD node_modules/xmlchars
1093 silly ADD node_modules/xml-name-validator
1094 silly ADD node_modules/ws
1095 silly ADD node_modules/word-wrap
1096 silly ADD node_modules/why-is-node-running
1097 silly ADD node_modules/which
1098 silly ADD node_modules/whatwg-url
1099 silly ADD node_modules/whatwg-mimetype
1100 silly ADD node_modules/whatwg-encoding
1101 silly ADD node_modules/webidl-conversions
1102 silly ADD node_modules/w3c-xmlserializer
1103 silly ADD node_modules/vitest
1104 silly ADD node_modules/vite-node
1105 silly ADD node_modules/vite
1106 silly ADD node_modules/uri-js
1107 silly ADD node_modules/update-browserslist-db
1108 silly ADD node_modules/undici-types
1109 silly ADD node_modules/typescript-eslint
1110 silly ADD node_modules/typescript
1111 silly ADD node_modules/type-check
1112 silly ADD node_modules/ts-api-utils
1113 silly ADD node_modules/tr46
1114 silly ADD node_modules/tough-cookie
1115 silly ADD node_modules/tldts-core
1116 silly ADD node_modules/tldts
1117 silly ADD node_modules/tinyspy
1118 silly ADD node_modules/tinyrainbow
1119 silly ADD node_modules/tinypool
1120 silly ADD node_modules/tinyglobby
1121 silly ADD node_modules/tinyexec
1122 silly ADD node_modules/tinybench
1123 silly ADD node_modules/throttle-debounce
1124 silly ADD node_modules/symbol-tree
1125 silly ADD node_modules/stylis
1126 silly ADD node_modules/strip-literal
1127 silly ADD node_modules/strip-indent
1128 silly ADD node_modules/string-convert
1129 silly ADD node_modules/std-env
1130 silly ADD node_modules/stackback
1131 silly ADD node_modules/source-map-js
1132 silly ADD node_modules/siginfo
1133 silly ADD node_modules/shebang-regex
1134 silly ADD node_modules/shebang-command
1135 silly ADD node_modules/semver
1136 silly ADD node_modules/scroll-into-view-if-needed
1137 silly ADD node_modules/scheduler
1138 silly ADD node_modules/saxes
1139 silly ADD node_modules/safer-buffer
1140 silly ADD node_modules/rrweb-cssom
1141 silly ADD node_modules/rollup
1142 silly ADD node_modules/require-from-string
1143 silly ADD node_modules/redent
1144 silly ADD node_modules/react-refresh
1145 silly ADD node_modules/react-is
1146 silly ADD node_modules/react-dom
1147 silly ADD node_modules/react
1148 silly ADD node_modules/punycode
1149 silly ADD node_modules/pretty-format
1150 silly ADD node_modules/prelude-ls
1151 silly ADD node_modules/postcss
1152 silly ADD node_modules/playwright-core
1153 silly ADD node_modules/playwright
1154 silly ADD
1155 silly ADD node_modules/picomatch
1156 silly ADD node_modules/picocolors
1157 silly ADD node_modules/pathval
1158 silly ADD node_modules/pathe
1159 silly ADD node_modules/path-key
1160 silly ADD node_modules/path-exists
1161 silly ADD node_modules/parse5
1162 silly ADD node_modules/p-locate
1163 silly ADD node_modules/p-limit
1164 silly ADD node_modules/optionator
1165 silly ADD node_modules/nwsapi
1166 silly ADD node_modules/node-releases
1167 silly ADD node_modules/natural-compare
1168 silly ADD node_modules/nanoid
1169 silly ADD node_modules/ms
1170 silly ADD node_modules/minimatch
1171 silly ADD node_modules/min-indent
1172 silly ADD node_modules/magic-string
1173 silly ADD node_modules/lz-string
1174 silly ADD node_modules/lru-cache
1175 silly ADD node_modules/loupe
1176 silly ADD node_modules/locate-path
1177 silly ADD node_modules/levn
1178 silly ADD node_modules/keyv
1179 silly ADD node_modules/json5
1180 silly ADD node_modules/json2mq
1181 silly ADD node_modules/json-stable-stringify-without-jsonify
1182 silly ADD node_modules/json-schema-traverse
1183 silly ADD node_modules/json-buffer
1184 silly ADD node_modules/jsesc
1185 silly ADD node_modules/jsdom
1186 silly ADD node_modules/js-tokens
1187 silly ADD node_modules/isexe
1188 silly ADD node_modules/is-potential-custom-element-name
1189 silly ADD node_modules/is-mobile
1190 silly ADD node_modules/is-glob
1191 silly ADD node_modules/is-extglob
1192 silly ADD node_modules/indent-string
1193 silly ADD node_modules/imurmurhash
1194 silly ADD node_modules/ignore
1195 silly ADD node_modules/iconv-lite
1196 silly ADD node_modules/https-proxy-agent
1197 silly ADD node_modules/http-proxy-agent
1198 silly ADD node_modules/html-encoding-sniffer
1199 silly ADD node_modules/hermes-parser
1200 silly ADD node_modules/hermes-estree
1201 silly ADD node_modules/globals
1202 silly ADD node_modules/glob-parent
1203 silly ADD node_modules/gensync
1204 silly ADD
1205 silly ADD node_modules/flatted
1206 silly ADD node_modules/flat-cache
1207 silly ADD node_modules/find-up
1208 silly ADD node_modules/file-entry-cache
1209 silly ADD node_modules/fdir
1210 silly ADD node_modules/fast-uri
1211 silly ADD node_modules/fast-levenshtein
1212 silly ADD node_modules/fast-json-stable-stringify
1213 silly ADD node_modules/fast-deep-equal
1214 silly ADD node_modules/expect-type
1215 silly ADD node_modules/esutils
1216 silly ADD node_modules/estree-walker
1217 silly ADD node_modules/estraverse
1218 silly ADD node_modules/esrecurse
1219 silly ADD node_modules/esquery
1220 silly ADD node_modules/espree
1221 silly ADD node_modules/eslint-visitor-keys
1222 silly ADD node_modules/eslint-scope
1223 silly ADD node_modules/eslint-plugin-react-refresh
1224 silly ADD node_modules/eslint-plugin-react-hooks
1225 silly ADD node_modules/eslint
1226 silly ADD node_modules/eslint/node_modules/json-schema-traverse
1227 silly ADD node_modules/eslint/node_modules/ajv
1228 silly ADD node_modules/escape-string-regexp
1229 silly ADD node_modules/escalade
1230 silly ADD node_modules/esbuild
1231 silly ADD node_modules/es-module-lexer
1232 silly ADD node_modules/entities
1233 silly ADD node_modules/electron-to-chromium
1234 silly ADD node_modules/dom-accessibility-api
1235 silly ADD node_modules/dequal
1236 silly ADD node_modules/deep-is
1237 silly ADD node_modules/deep-eql
1238 silly ADD node_modules/decimal.js
1239 silly ADD node_modules/debug
1240 silly ADD node_modules/dayjs
1241 silly ADD node_modules/data-urls
1242 silly ADD node_modules/csstype
1243 silly ADD node_modules/cssstyle
1244 silly ADD node_modules/css.escape
1245 silly ADD node_modules/cross-spawn
1246 silly ADD node_modules/convert-source-map
1247 silly ADD node_modules/compute-scroll-into-view
1248 silly ADD node_modules/clsx
1249 silly ADD node_modules/check-error
1250 silly ADD node_modules/chai
1251 silly ADD node_modules/caniuse-lite
1252 silly ADD node_modules/cac
1253 silly ADD node_modules/browserslist
1254 silly ADD node_modules/brace-expansion
1255 silly ADD node_modules/baseline-browser-mapping
1256 silly ADD node_modules/balanced-match
1257 silly ADD node_modules/assertion-error
1258 silly ADD node_modules/aria-query
1259 silly ADD node_modules/antd
1260 silly ADD node_modules/ansi-styles
1261 silly ADD node_modules/ansi-regex
1262 silly ADD node_modules/ajv-formats
1263 silly ADD node_modules/ajv
1264 silly ADD node_modules/agent-base
1265 silly ADD node_modules/acorn-jsx
1266 silly ADD node_modules/acorn
1267 silly ADD node_modules/@vitest/utils
1268 silly ADD node_modules/@vitest/spy
1269 silly ADD node_modules/@vitest/snapshot
1270 silly ADD node_modules/@vitest/runner
1271 silly ADD node_modules/@vitest/pretty-format
1272 silly ADD node_modules/@vitest/mocker
1273 silly ADD node_modules/@vitest/expect
1274 silly ADD node_modules/@vitejs/plugin-react
1275 silly ADD node_modules/@typescript-eslint/visitor-keys
1276 silly ADD node_modules/@typescript-eslint/utils
1277 silly ADD node_modules/@typescript-eslint/typescript-estree
1278 silly ADD node_modules/@typescript-eslint/typescript-estree/node_modules/semver
1279 silly ADD node_modules/@typescript-eslint/types
1280 silly ADD node_modules/@typescript-eslint/type-utils
1281 silly ADD node_modules/@typescript-eslint/tsconfig-utils
1282 silly ADD node_modules/@typescript-eslint/scope-manager
1283 silly ADD node_modules/@typescript-eslint/project-service
1284 silly ADD node_modules/@typescript-eslint/parser
1285 silly ADD node_modules/@typescript-eslint/eslint-plugin
1286 silly ADD node_modules/@typescript-eslint/eslint-plugin/node_modules/ignore
1287 silly ADD node_modules/@types/react-dom
1288 silly ADD node_modules/@types/react
1289 silly ADD node_modules/@types/node
1290 silly ADD node_modules/@types/json-schema
1291 silly ADD node_modules/@types/estree
1292 silly ADD node_modules/@types/esrecurse
1293 silly ADD node_modules/@types/deep-eql
1294 silly ADD node_modules/@types/chai
1295 silly ADD node_modules/@types/babel__traverse
1296 silly ADD node_modules/@types/babel__template
1297 silly ADD node_modules/@types/babel__generator
1298 silly ADD node_modules/@types/babel__core
1299 silly ADD node_modules/@types/aria-query
1300 silly ADD node_modules/@testing-library/react
1301 silly ADD node_modules/@testing-library/jest-dom
1302 silly ADD node_modules/@testing-library/jest-dom/node_modules/dom-accessibility-api
1303 silly ADD node_modules/@testing-library/dom
1304 silly ADD node_modules/@rollup/rollup-win32-x64-msvc
1305 silly ADD node_modules/@rollup/rollup-win32-x64-gnu
1306 silly ADD
1307 silly ADD
1308 silly ADD
1309 silly ADD
1310 silly ADD
1311 silly ADD
1312 silly ADD
1313 silly ADD
1314 silly ADD
1315 silly ADD
1316 silly ADD
1317 silly ADD
1318 silly ADD
1319 silly ADD
1320 silly ADD
1321 silly ADD
1322 silly ADD
1323 silly ADD
1324 silly ADD
1325 silly ADD
1326 silly ADD
1327 silly ADD
1328 silly ADD
1329 silly ADD node_modules/@rolldown/pluginutils
1330 silly ADD node_modules/@rc-component/virtual-list
1331 silly ADD node_modules/@rc-component/virtual-list/node_modules/@babel/runtime
1332 silly ADD node_modules/@rc-component/util
1333 silly ADD node_modules/@rc-component/util/node_modules/react-is
1334 silly ADD node_modules/@rc-component/upload
1335 silly ADD node_modules/@rc-component/trigger
1336 silly ADD node_modules/@rc-component/tree-select
1337 silly ADD node_modules/@rc-component/tree
1338 silly ADD node_modules/@rc-component/tour
1339 silly ADD node_modules/@rc-component/tooltip
1340 silly ADD node_modules/@rc-component/tabs
1341 silly ADD node_modules/@rc-component/table
1342 silly ADD node_modules/@rc-component/switch
1343 silly ADD node_modules/@rc-component/steps
1344 silly ADD node_modules/@rc-component/slider
1345 silly ADD node_modules/@rc-component/select
1346 silly ADD node_modules/@rc-component/segmented
1347 silly ADD node_modules/@rc-component/resize-observer
1348 silly ADD node_modules/@rc-component/rate
1349 silly ADD node_modules/@rc-component/qrcode
1350 silly ADD node_modules/@rc-component/progress
1351 silly ADD node_modules/@rc-component/portal
1352 silly ADD node_modules/@rc-component/picker
1353 silly ADD node_modules/@rc-component/pagination
1354 silly ADD node_modules/@rc-component/overflow
1355 silly ADD node_modules/@rc-component/notification
1356 silly ADD node_modules/@rc-component/mutate-observer
1357 silly ADD node_modules/@rc-component/motion
1358 silly ADD node_modules/@rc-component/mini-decimal
1359 silly ADD node_modules/@rc-component/menu
1360 silly ADD node_modules/@rc-component/mentions
1361 silly ADD node_modules/@rc-component/listy
1362 silly ADD node_modules/@rc-component/input-number
1363 silly ADD node_modules/@rc-component/input
1364 silly ADD node_modules/@rc-component/image
1365 silly ADD node_modules/@rc-component/form
1366 silly ADD node_modules/@rc-component/dropdown
1367 silly ADD node_modules/@rc-component/drawer
1368 silly ADD node_modules/@rc-component/dialog
1369 silly ADD node_modules/@rc-component/context
1370 silly ADD node_modules/@rc-component/color-picker
1371 silly ADD node_modules/@rc-component/collapse
1372 silly ADD node_modules/@rc-component/checkbox
1373 silly ADD node_modules/@rc-component/cascader
1374 silly ADD node_modules/@rc-component/async-validator
1375 silly ADD node_modules/@playwright/test
1376 silly ADD
1377 silly ADD node_modules/@jridgewell/trace-mapping
1378 silly ADD node_modules/@jridgewell/sourcemap-codec
1379 silly ADD node_modules/@jridgewell/resolve-uri
1380 silly ADD node_modules/@jridgewell/remapping
1381 silly ADD node_modules/@jridgewell/gen-mapping
1382 silly ADD node_modules/@humanwhocodes/retry
1383 silly ADD node_modules/@humanwhocodes/module-importer
1384 silly ADD node_modules/@humanfs/types
1385 silly ADD node_modules/@humanfs/node
1386 silly ADD node_modules/@humanfs/core
1387 silly ADD node_modules/@fontsource/noto-sans-sc
1388 silly ADD node_modules/@eslint/plugin-kit
1389 silly ADD node_modules/@eslint/object-schema
1390 silly ADD node_modules/@eslint/js
1391 silly ADD node_modules/@eslint/core
1392 silly ADD node_modules/@eslint/config-helpers
1393 silly ADD node_modules/@eslint/config-array
1394 silly ADD node_modules/@eslint-community/regexpp
1395 silly ADD node_modules/@eslint-community/eslint-utils
1396 silly ADD node_modules/@eslint-community/eslint-utils/node_modules/eslint-visitor-keys
1397 silly ADD node_modules/@esbuild/win32-x64
1398 silly ADD
1399 silly ADD
1400 silly ADD
1401 silly ADD
1402 silly ADD
1403 silly ADD
1404 silly ADD
1405 silly ADD
1406 silly ADD
1407 silly ADD
1408 silly ADD
1409 silly ADD
1410 silly ADD
1411 silly ADD
1412 silly ADD
1413 silly ADD
1414 silly ADD
1415 silly ADD
1416 silly ADD
1417 silly ADD
1418 silly ADD
1419 silly ADD
1420 silly ADD
1421 silly ADD
1422 silly ADD
1423 silly ADD node_modules/@emotion/unitless
1424 silly ADD node_modules/@emotion/hash
1425 silly ADD node_modules/@csstools/css-tokenizer
1426 silly ADD node_modules/@csstools/css-parser-algorithms
1427 silly ADD node_modules/@csstools/css-color-parser
1428 silly ADD node_modules/@csstools/css-calc
1429 silly ADD node_modules/@csstools/color-helpers
1430 silly ADD node_modules/@babel/types
1431 silly ADD node_modules/@babel/traverse
1432 silly ADD node_modules/@babel/template
1433 silly ADD node_modules/@babel/runtime
1434 silly ADD node_modules/@babel/plugin-transform-react-jsx-source
1435 silly ADD node_modules/@babel/plugin-transform-react-jsx-self
1436 silly ADD node_modules/@babel/parser
1437 silly ADD node_modules/@babel/helpers
1438 silly ADD node_modules/@babel/helper-validator-option
1439 silly ADD node_modules/@babel/helper-validator-identifier
1440 silly ADD node_modules/@babel/helper-string-parser
1441 silly ADD node_modules/@babel/helper-plugin-utils
1442 silly ADD node_modules/@babel/helper-module-transforms
1443 silly ADD node_modules/@babel/helper-module-imports
1444 silly ADD node_modules/@babel/helper-globals
1445 silly ADD node_modules/@babel/helper-compilation-targets
1446 silly ADD node_modules/@babel/generator
1447 silly ADD node_modules/@babel/core
1448 silly ADD node_modules/@babel/compat-data
1449 silly ADD node_modules/@babel/code-frame
1450 silly ADD node_modules/@babel/code-frame/node_modules/js-tokens
1451 silly ADD node_modules/@asamuzakjp/css-color
1452 silly ADD node_modules/@asamuzakjp/css-color/node_modules/lru-cache
1453 silly ADD node_modules/@ant-design/react-slick
1454 silly ADD node_modules/@ant-design/icons-svg
1455 silly ADD node_modules/@ant-design/icons
1456 silly ADD node_modules/@ant-design/fast-color
1457 silly ADD node_modules/@ant-design/cssinjs-utils
1458 silly ADD node_modules/@ant-design/cssinjs
1459 silly ADD node_modules/@ant-design/colors
1460 silly ADD node_modules/@adobe/css-tools
1461 verbose cwd C:\Users\Levi\Desktop\maple\ui
1462 verbose os Windows_NT 10.0.26200
1463 verbose node v22.20.0
1464 verbose npm  v10.9.3
1465 verbose exit 0
1466 info ok
