0 verbose cli C:\nvm4w\nodejs\node.exe C:\nvm4w\nodejs\node_modules\npm\bin\npm-cli.js
1 info using npm@10.9.3
2 info using node@v22.20.0
3 silly config load:file:D:\nvm\v22.20.0\node_modules\npm\npmrc
4 silly config load:file:C:\Users\Levi\Desktop\maple\ui\.npmrc
5 silly config load:file:C:\Users\Levi\.npmrc
6 silly config load:file:C:\nvm4w\nodejs\etc\npmrc
7 verbose title npm install
8 verbose argv "install" "--offline" "--cache" ".npm-cache" "--ignore-scripts"
9 verbose logfile logs-max:10 dir:C:\Users\Levi\Desktop\maple\ui\.npm-cache\_logs\2026-08-15T17_09_01_680Z-
10 verbose logfile C:\Users\Levi\Desktop\maple\ui\.npm-cache\_logs\2026-08-15T17_09_01_680Z-debug-0.log
11 silly logfile done cleaning log files
12 silly packumentCache heap:4345298944 maxSize:1086324736 maxEntrySize:543162368
13 silly idealTree buildDeps
14 silly reify moves {}
15 silly audit report null
16 verbose reify failed optional dependency C:\Users\Levi\Desktop\maple\ui\node_modules\playwright\node_modules\fsevents
17 silly reify mark deleted [
17 silly reify   'C:\\Users\\Levi\\Desktop\\maple\\ui\\node_modules\\playwright\\node_modules\\fsevents'
17 silly reify ]
18 verbose reify failed optional dependency C:\Users\Levi\Desktop\maple\ui\node_modules\fsevents
19 silly reify mark deleted [ 'C:\\Users\\Levi\\Desktop\\maple\\ui\\node_modules\\fsevents' ]
20 verbose reify failed optional dependency C:\Users\Levi\Desktop\maple\ui\node_modules\@rollup\rollup-win32-ia32-msvc
21 silly reify mark deleted [
21 silly reify   'C:\\Users\\Levi\\Desktop\\maple\\ui\\node_modules\\@rollup\\rollup-win32-ia32-msvc'
21 silly reify ]
22 verbose reify failed optional dependency C:\Users\Levi\Desktop\maple\ui\node_modules\@rollup\rollup-win32-arm64-msvc
23 silly reify mark deleted [
23 silly reify   'C:\\Users\\Levi\\Desktop\\maple\\ui\\node_modules\\@rollup\\rollup-win32-arm64-msvc'
23 silly reify ]
24 verbose reify failed optional dependency C:\Users\Levi\Desktop\maple\ui\node_modules\@rollup\rollup-openharmony-arm64
25 silly reify mark deleted [
25 silly reify   'C:\\Users\\Levi\\Desktop\\maple\\ui\\node_modules\\@rollup\\rollup-openharmony-arm64'
25 silly reify ]
26 verbose reify failed optional dependency C:\Users\Levi\Desktop\maple\ui\node_modules\@rollup\rollup-openbsd-x64
27 silly reify mark deleted [
27 silly reify   'C:\\Users\\Levi\\Desktop\\maple\\ui\\node_modules\\@rollup\\rollup-openbsd-x64'
27 silly reify ]
28 verbose reify failed optional dependency C:\Users\Levi\Desktop\maple\ui\node_modules\@rollup\rollup-linux-x64-musl
29 silly reify mark deleted [
29 silly reify   'C:\\Users\\Levi\\Desktop\\maple\\ui\\node_modules\\@rollup\\rollup-linux-x64-musl'
29 silly reify ]
30 verbose reify failed optional dependency C:\Users\Levi\Desktop\maple\ui\node_modules\@rollup\rollup-linux-x64-gnu
31 silly reify mark deleted [
31 silly reify   'C:\\Users\\Levi\\Desktop\\maple\\ui\\node_modules\\@rollup\\rollup-linux-x64-gnu'
31 silly reify ]
32 verbose reify failed optional dependency C:\Users\Levi\Desktop\maple\ui\node_modules\@rollup\rollup-linux-s390x-gnu
33 silly reify mark deleted [
33 silly reify   'C:\\Users\\Levi\\Desktop\\maple\\ui\\node_modules\\@rollup\\rollup-linux-s390x-gnu'
33 silly reify ]
34 verbose reify failed optional dependency C:\Users\Levi\Desktop\maple\ui\node_modules\@rollup\rollup-linux-riscv64-musl
35 silly reify mark deleted [
35 silly reify   'C:\\Users\\Levi\\Desktop\\maple\\ui\\node_modules\\@rollup\\rollup-linux-riscv64-musl'
35 silly reify ]
36 verbose reify failed optional dependency C:\Users\Levi\Desktop\maple\ui\node_modules\@rollup\rollup-linux-riscv64-gnu
37 silly reify mark deleted [
37 silly reify   'C:\\Users\\Levi\\Desktop\\maple\\ui\\node_modules\\@rollup\\rollup-linux-riscv64-gnu'
37 silly reify ]
38 verbose reify failed optional dependency C:\Users\Levi\Desktop\maple\ui\node_modules\@rollup\rollup-linux-ppc64-musl
39 silly reify mark deleted [
39 silly reify   'C:\\Users\\Levi\\Desktop\\maple\\ui\\node_modules\\@rollup\\rollup-linux-ppc64-musl'
39 silly reify ]
40 verbose reify failed optional dependency C:\Users\Levi\Desktop\maple\ui\node_modules\@rollup\rollup-linux-ppc64-gnu
41 silly reify mark deleted [
41 silly reify   'C:\\Users\\Levi\\Desktop\\maple\\ui\\node_modules\\@rollup\\rollup-linux-ppc64-gnu'
41 silly reify ]
42 verbose reify failed optional dependency C:\Users\Levi\Desktop\maple\ui\node_modules\@rollup\rollup-linux-loong64-musl
43 silly reify mark deleted [
43 silly reify   'C:\\Users\\Levi\\Desktop\\maple\\ui\\node_modules\\@rollup\\rollup-linux-loong64-musl'
43 silly reify ]
44 verbose reify failed optional dependency C:\Users\Levi\Desktop\maple\ui\node_modules\@rollup\rollup-linux-loong64-gnu
45 silly reify mark deleted [
45 silly reify   'C:\\Users\\Levi\\Desktop\\maple\\ui\\node_modules\\@rollup\\rollup-linux-loong64-gnu'
45 silly reify ]
46 verbose reify failed optional dependency C:\Users\Levi\Desktop\maple\ui\node_modules\@rollup\rollup-linux-arm64-musl
47 silly reify mark deleted [
47 silly reify   'C:\\Users\\Levi\\Desktop\\maple\\ui\\node_modules\\@rollup\\rollup-linux-arm64-musl'
47 silly reify ]
48 verbose reify failed optional dependency C:\Users\Levi\Desktop\maple\ui\node_modules\@rollup\rollup-linux-arm64-gnu
49 silly reify mark deleted [
49 silly reify   'C:\\Users\\Levi\\Desktop\\maple\\ui\\node_modules\\@rollup\\rollup-linux-arm64-gnu'
49 silly reify ]
50 verbose reify failed optional dependency C:\Users\Levi\Desktop\maple\ui\node_modules\@rollup\rollup-linux-arm-musleabihf
51 silly reify mark deleted [
51 silly reify   'C:\\Users\\Levi\\Desktop\\maple\\ui\\node_modules\\@rollup\\rollup-linux-arm-musleabihf'
51 silly reify ]
52 verbose reify failed optional dependency C:\Users\Levi\Desktop\maple\ui\node_modules\@rollup\rollup-linux-arm-gnueabihf
53 silly reify mark deleted [
53 silly reify   'C:\\Users\\Levi\\Desktop\\maple\\ui\\node_modules\\@rollup\\rollup-linux-arm-gnueabihf'
53 silly reify ]
54 verbose reify failed optional dependency C:\Users\Levi\Desktop\maple\ui\node_modules\@rollup\rollup-freebsd-x64
55 silly reify mark deleted [
55 silly reify   'C:\\Users\\Levi\\Desktop\\maple\\ui\\node_modules\\@rollup\\rollup-freebsd-x64'
55 silly reify ]
56 verbose reify failed optional dependency C:\Users\Levi\Desktop\maple\ui\node_modules\@rollup\rollup-freebsd-arm64
57 silly reify mark deleted [
57 silly reify   'C:\\Users\\Levi\\Desktop\\maple\\ui\\node_modules\\@rollup\\rollup-freebsd-arm64'
57 silly reify ]
58 verbose reify failed optional dependency C:\Users\Levi\Desktop\maple\ui\node_modules\@rollup\rollup-darwin-x64
59 silly reify mark deleted [
59 silly reify   'C:\\Users\\Levi\\Desktop\\maple\\ui\\node_modules\\@rollup\\rollup-darwin-x64'
59 silly reify ]
60 verbose reify failed optional dependency C:\Users\Levi\Desktop\maple\ui\node_modules\@rollup\rollup-darwin-arm64
61 silly reify mark deleted [
61 silly reify   'C:\\Users\\Levi\\Desktop\\maple\\ui\\node_modules\\@rollup\\rollup-darwin-arm64'
61 silly reify ]
62 verbose reify failed optional dependency C:\Users\Levi\Desktop\maple\ui\node_modules\@rollup\rollup-android-arm64
63 silly reify mark deleted [
63 silly reify   'C:\\Users\\Levi\\Desktop\\maple\\ui\\node_modules\\@rollup\\rollup-android-arm64'
63 silly reify ]
64 verbose reify failed optional dependency C:\Users\Levi\Desktop\maple\ui\node_modules\@rollup\rollup-android-arm-eabi
65 silly reify mark deleted [
65 silly reify   'C:\\Users\\Levi\\Desktop\\maple\\ui\\node_modules\\@rollup\\rollup-android-arm-eabi'
65 silly reify ]
66 verbose reify failed optional dependency C:\Users\Levi\Desktop\maple\ui\node_modules\@napi-rs\lzma-linux-x64-gnu
67 silly reify mark deleted [
67 silly reify   'C:\\Users\\Levi\\Desktop\\maple\\ui\\node_modules\\@napi-rs\\lzma-linux-x64-gnu'
67 silly reify ]
68 verbose reify failed optional dependency C:\Users\Levi\Desktop\maple\ui\node_modules\@esbuild\win32-ia32
69 silly reify mark deleted [
69 silly reify   'C:\\Users\\Levi\\Desktop\\maple\\ui\\node_modules\\@esbuild\\win32-ia32'
69 silly reify ]
70 verbose reify failed optional dependency C:\Users\Levi\Desktop\maple\ui\node_modules\@esbuild\win32-arm64
71 silly reify mark deleted [
71 silly reify   'C:\\Users\\Levi\\Desktop\\maple\\ui\\node_modules\\@esbuild\\win32-arm64'
71 silly reify ]
72 verbose reify failed optional dependency C:\Users\Levi\Desktop\maple\ui\node_modules\@esbuild\sunos-x64
73 silly reify mark deleted [
73 silly reify   'C:\\Users\\Levi\\Desktop\\maple\\ui\\node_modules\\@esbuild\\sunos-x64'
73 silly reify ]
74 verbose reify failed optional dependency C:\Users\Levi\Desktop\maple\ui\node_modules\@esbuild\openharmony-arm64
75 silly reify mark deleted [
75 silly reify   'C:\\Users\\Levi\\Desktop\\maple\\ui\\node_modules\\@esbuild\\openharmony-arm64'
75 silly reify ]
76 verbose reify failed optional dependency C:\Users\Levi\Desktop\maple\ui\node_modules\@esbuild\openbsd-x64
77 silly reify mark deleted [
77 silly reify   'C:\\Users\\Levi\\Desktop\\maple\\ui\\node_modules\\@esbuild\\openbsd-x64'
77 silly reify ]
78 verbose reify failed optional dependency C:\Users\Levi\Desktop\maple\ui\node_modules\@esbuild\openbsd-arm64
79 silly reify mark deleted [
79 silly reify   'C:\\Users\\Levi\\Desktop\\maple\\ui\\node_modules\\@esbuild\\openbsd-arm64'
79 silly reify ]
80 verbose reify failed optional dependency C:\Users\Levi\Desktop\maple\ui\node_modules\@esbuild\netbsd-x64
81 silly reify mark deleted [
81 silly reify   'C:\\Users\\Levi\\Desktop\\maple\\ui\\node_modules\\@esbuild\\netbsd-x64'
81 silly reify ]
82 verbose reify failed optional dependency C:\Users\Levi\Desktop\maple\ui\node_modules\@esbuild\netbsd-arm64
83 silly reify mark deleted [
83 silly reify   'C:\\Users\\Levi\\Desktop\\maple\\ui\\node_modules\\@esbuild\\netbsd-arm64'
83 silly reify ]
84 verbose reify failed optional dependency C:\Users\Levi\Desktop\maple\ui\node_modules\@esbuild\linux-x64
85 silly reify mark deleted [
85 silly reify   'C:\\Users\\Levi\\Desktop\\maple\\ui\\node_modules\\@esbuild\\linux-x64'
85 silly reify ]
86 verbose reify failed optional dependency C:\Users\Levi\Desktop\maple\ui\node_modules\@esbuild\linux-s390x
87 silly reify mark deleted [
87 silly reify   'C:\\Users\\Levi\\Desktop\\maple\\ui\\node_modules\\@esbuild\\linux-s390x'
87 silly reify ]
88 verbose reify failed optional dependency C:\Users\Levi\Desktop\maple\ui\node_modules\@esbuild\linux-riscv64
89 silly reify mark deleted [
89 silly reify   'C:\\Users\\Levi\\Desktop\\maple\\ui\\node_modules\\@esbuild\\linux-riscv64'
89 silly reify ]
90 verbose reify failed optional dependency C:\Users\Levi\Desktop\maple\ui\node_modules\@esbuild\linux-ppc64
91 silly reify mark deleted [
91 silly reify   'C:\\Users\\Levi\\Desktop\\maple\\ui\\node_modules\\@esbuild\\linux-ppc64'
91 silly reify ]
92 verbose reify failed optional dependency C:\Users\Levi\Desktop\maple\ui\node_modules\@esbuild\linux-mips64el
93 silly reify mark deleted [
93 silly reify   'C:\\Users\\Levi\\Desktop\\maple\\ui\\node_modules\\@esbuild\\linux-mips64el'
93 silly reify ]
94 verbose reify failed optional dependency C:\Users\Levi\Desktop\maple\ui\node_modules\@esbuild\linux-loong64
95 silly reify mark deleted [
95 silly reify   'C:\\Users\\Levi\\Desktop\\maple\\ui\\node_modules\\@esbuild\\linux-loong64'
95 silly reify ]
96 verbose reify failed optional dependency C:\Users\Levi\Desktop\maple\ui\node_modules\@esbuild\linux-ia32
97 silly reify mark deleted [
97 silly reify   'C:\\Users\\Levi\\Desktop\\maple\\ui\\node_modules\\@esbuild\\linux-ia32'
97 silly reify ]
98 verbose reify failed optional dependency C:\Users\Levi\Desktop\maple\ui\node_modules\@esbuild\linux-arm64
99 silly reify mark deleted [
99 silly reify   'C:\\Users\\Levi\\Desktop\\maple\\ui\\node_modules\\@esbuild\\linux-arm64'
99 silly reify ]
100 verbose reify failed optional dependency C:\Users\Levi\Desktop\maple\ui\node_modules\@esbuild\linux-arm
101 silly reify mark deleted [
101 silly reify   'C:\\Users\\Levi\\Desktop\\maple\\ui\\node_modules\\@esbuild\\linux-arm'
101 silly reify ]
102 verbose reify failed optional dependency C:\Users\Levi\Desktop\maple\ui\node_modules\@esbuild\freebsd-x64
103 silly reify mark deleted [
103 silly reify   'C:\\Users\\Levi\\Desktop\\maple\\ui\\node_modules\\@esbuild\\freebsd-x64'
103 silly reify ]
104 verbose reify failed optional dependency C:\Users\Levi\Desktop\maple\ui\node_modules\@esbuild\freebsd-arm64
105 silly reify mark deleted [
105 silly reify   'C:\\Users\\Levi\\Desktop\\maple\\ui\\node_modules\\@esbuild\\freebsd-arm64'
105 silly reify ]
106 verbose reify failed optional dependency C:\Users\Levi\Desktop\maple\ui\node_modules\@esbuild\darwin-x64
107 silly reify mark deleted [
107 silly reify   'C:\\Users\\Levi\\Desktop\\maple\\ui\\node_modules\\@esbuild\\darwin-x64'
107 silly reify ]
108 verbose reify failed optional dependency C:\Users\Levi\Desktop\maple\ui\node_modules\@esbuild\darwin-arm64
109 silly reify mark deleted [
109 silly reify   'C:\\Users\\Levi\\Desktop\\maple\\ui\\node_modules\\@esbuild\\darwin-arm64'
109 silly reify ]
110 verbose reify failed optional dependency C:\Users\Levi\Desktop\maple\ui\node_modules\@esbuild\android-x64
111 silly reify mark deleted [
111 silly reify   'C:\\Users\\Levi\\Desktop\\maple\\ui\\node_modules\\@esbuild\\android-x64'
111 silly reify ]
112 verbose reify failed optional dependency C:\Users\Levi\Desktop\maple\ui\node_modules\@esbuild\android-arm64
113 silly reify mark deleted [
113 silly reify   'C:\\Users\\Levi\\Desktop\\maple\\ui\\node_modules\\@esbuild\\android-arm64'
113 silly reify ]
114 verbose reify failed optional dependency C:\Users\Levi\Desktop\maple\ui\node_modules\@esbuild\android-arm
115 silly reify mark deleted [
115 silly reify   'C:\\Users\\Levi\\Desktop\\maple\\ui\\node_modules\\@esbuild\\android-arm'
115 silly reify ]
116 verbose reify failed optional dependency C:\Users\Levi\Desktop\maple\ui\node_modules\@esbuild\aix-ppc64
117 silly reify mark deleted [
117 silly reify   'C:\\Users\\Levi\\Desktop\\maple\\ui\\node_modules\\@esbuild\\aix-ppc64'
117 silly reify ]
118 http cache zustand@https://registry.npmjs.org/zustand/-/zustand-5.0.15.tgz 1ms (cache hit)
119 http cache zod-validation-error@https://registry.npmjs.org/zod-validation-error/-/zod-validation-error-4.0.2.tgz 0ms (cache hit)
120 http cache xmlchars@https://registry.npmjs.org/xmlchars/-/xmlchars-2.2.0.tgz 0ms (cache hit)
121 http cache yocto-queue@https://registry.npmjs.org/yocto-queue/-/yocto-queue-0.1.0.tgz 0ms (cache hit)
122 http cache zod@https://registry.npmjs.org/zod/-/zod-3.25.76.tgz 0ms (cache hit)
123 http cache ws@https://registry.npmjs.org/ws/-/ws-8.21.3.tgz 0ms (cache hit)
124 http cache xml-name-validator@https://registry.npmjs.org/xml-name-validator/-/xml-name-validator-5.0.0.tgz 0ms (cache hit)
125 http cache yallist@https://registry.npmjs.org/yallist/-/yallist-3.1.1.tgz 0ms (cache hit)
126 http cache why-is-node-running@https://registry.npmjs.org/why-is-node-running/-/why-is-node-running-2.3.0.tgz 0ms (cache hit)
127 http cache which@https://registry.npmjs.org/which/-/which-2.0.2.tgz 0ms (cache hit)
128 http cache whatwg-mimetype@https://registry.npmjs.org/whatwg-mimetype/-/whatwg-mimetype-4.0.0.tgz 0ms (cache hit)
129 http cache word-wrap@https://registry.npmjs.org/word-wrap/-/word-wrap-1.2.5.tgz 0ms (cache hit)
130 http cache whatwg-url@https://registry.npmjs.org/whatwg-url/-/whatwg-url-14.2.0.tgz 0ms (cache hit)
131 http cache webidl-conversions@https://registry.npmjs.org/webidl-conversions/-/webidl-conversions-7.0.0.tgz 0ms (cache hit)
132 http cache w3c-xmlserializer@https://registry.npmjs.org/w3c-xmlserializer/-/w3c-xmlserializer-5.0.0.tgz 0ms (cache hit)
133 http cache whatwg-encoding@https://registry.npmjs.org/whatwg-encoding/-/whatwg-encoding-3.1.1.tgz 0ms (cache hit)
134 http cache vite@https://registry.npmjs.org/vite/-/vite-6.4.3.tgz 0ms (cache hit)
135 http cache vite-node@https://registry.npmjs.org/vite-node/-/vite-node-3.2.4.tgz 0ms (cache hit)
136 http cache update-browserslist-db@https://registry.npmjs.org/update-browserslist-db/-/update-browserslist-db-1.3.1.tgz 1ms (cache hit)
137 http cache typescript-eslint@https://registry.npmjs.org/typescript-eslint/-/typescript-eslint-8.67.0.tgz 0ms (cache hit)
138 http cache vitest@https://registry.npmjs.org/vitest/-/vitest-3.2.7.tgz 0ms (cache hit)
139 http cache uri-js@https://registry.npmjs.org/uri-js/-/uri-js-4.4.1.tgz 0ms (cache hit)
140 http cache undici-types@https://registry.npmjs.org/undici-types/-/undici-types-6.21.0.tgz 0ms (cache hit)
141 http cache typescript@https://registry.npmjs.org/typescript/-/typescript-5.9.3.tgz 0ms (cache hit)
142 http cache type-check@https://registry.npmjs.org/type-check/-/type-check-0.4.0.tgz 0ms (cache hit)
143 http cache tr46@https://registry.npmjs.org/tr46/-/tr46-5.1.1.tgz 0ms (cache hit)
144 http cache ts-api-utils@https://registry.npmjs.org/ts-api-utils/-/ts-api-utils-2.5.0.tgz 0ms (cache hit)
145 http cache tough-cookie@https://registry.npmjs.org/tough-cookie/-/tough-cookie-5.1.2.tgz 0ms (cache hit)
146 http cache tldts-core@https://registry.npmjs.org/tldts-core/-/tldts-core-6.1.86.tgz 0ms (cache hit)
147 http cache tinyspy@https://registry.npmjs.org/tinyspy/-/tinyspy-4.0.4.tgz 0ms (cache hit)
148 http cache tinyrainbow@https://registry.npmjs.org/tinyrainbow/-/tinyrainbow-2.0.0.tgz 0ms (cache hit)
149 http cache tldts@https://registry.npmjs.org/tldts/-/tldts-6.1.86.tgz 0ms (cache hit)
150 http cache tinypool@https://registry.npmjs.org/tinypool/-/tinypool-1.1.1.tgz 0ms (cache hit)
151 http cache tinyglobby@https://registry.npmjs.org/tinyglobby/-/tinyglobby-0.2.17.tgz 0ms (cache hit)
152 http cache tinyexec@https://registry.npmjs.org/tinyexec/-/tinyexec-0.3.2.tgz 0ms (cache hit)
153 http cache throttle-debounce@https://registry.npmjs.org/throttle-debounce/-/throttle-debounce-5.0.2.tgz 0ms (cache hit)
154 http cache symbol-tree@https://registry.npmjs.org/symbol-tree/-/symbol-tree-3.2.4.tgz 0ms (cache hit)
155 http cache tinybench@https://registry.npmjs.org/tinybench/-/tinybench-2.9.0.tgz 0ms (cache hit)
156 http cache strip-indent@https://registry.npmjs.org/strip-indent/-/strip-indent-3.0.0.tgz 0ms (cache hit)
157 http cache stylis@https://registry.npmjs.org/stylis/-/stylis-4.4.0.tgz 0ms (cache hit)
158 http cache string-convert@https://registry.npmjs.org/string-convert/-/string-convert-0.2.1.tgz 0ms (cache hit)
159 http cache strip-literal@https://registry.npmjs.org/strip-literal/-/strip-literal-3.1.0.tgz 0ms (cache hit)
160 http cache std-env@https://registry.npmjs.org/std-env/-/std-env-3.10.0.tgz 0ms (cache hit)
161 http cache source-map-js@https://registry.npmjs.org/source-map-js/-/source-map-js-1.2.1.tgz 0ms (cache hit)
162 http cache shebang-regex@https://registry.npmjs.org/shebang-regex/-/shebang-regex-3.0.0.tgz 0ms (cache hit)
163 http cache siginfo@https://registry.npmjs.org/siginfo/-/siginfo-2.0.0.tgz 0ms (cache hit)
164 http cache semver@https://registry.npmjs.org/semver/-/semver-6.3.1.tgz 0ms (cache hit)
165 http cache shebang-command@https://registry.npmjs.org/shebang-command/-/shebang-command-2.0.0.tgz 0ms (cache hit)
166 http cache saxes@https://registry.npmjs.org/saxes/-/saxes-6.0.0.tgz 0ms (cache hit)
167 http cache scheduler@https://registry.npmjs.org/scheduler/-/scheduler-0.27.0.tgz 0ms (cache hit)
168 http cache safer-buffer@https://registry.npmjs.org/safer-buffer/-/safer-buffer-2.1.2.tgz 0ms (cache hit)
169 http cache rrweb-cssom@https://registry.npmjs.org/rrweb-cssom/-/rrweb-cssom-0.8.0.tgz 0ms (cache hit)
170 http cache scroll-into-view-if-needed@https://registry.npmjs.org/scroll-into-view-if-needed/-/scroll-into-view-if-needed-3.1.0.tgz 0ms (cache hit)
171 http cache react-refresh@https://registry.npmjs.org/react-refresh/-/react-refresh-0.17.0.tgz 0ms (cache hit)
172 http cache require-from-string@https://registry.npmjs.org/require-from-string/-/require-from-string-2.0.2.tgz 0ms (cache hit)
173 http cache stackback@https://registry.npmjs.org/stackback/-/stackback-0.0.2.tgz 0ms (cache hit)
174 http cache rollup@https://registry.npmjs.org/rollup/-/rollup-4.62.4.tgz 0ms (cache hit)
175 http cache punycode@https://registry.npmjs.org/punycode/-/punycode-2.3.1.tgz 0ms (cache hit)
176 http cache react-dom@https://registry.npmjs.org/react-dom/-/react-dom-19.2.8.tgz 0ms (cache hit)
177 http cache react-is@https://registry.npmjs.org/react-is/-/react-is-17.0.2.tgz 0ms (cache hit)
178 http cache redent@https://registry.npmjs.org/redent/-/redent-3.0.0.tgz 0ms (cache hit)
179 http cache postcss@https://registry.npmjs.org/postcss/-/postcss-8.5.26.tgz 0ms (cache hit)
180 http cache react@https://registry.npmjs.org/react/-/react-19.2.8.tgz 0ms (cache hit)
181 http cache pretty-format@https://registry.npmjs.org/pretty-format/-/pretty-format-27.5.1.tgz 0ms (cache hit)
182 http cache prelude-ls@https://registry.npmjs.org/prelude-ls/-/prelude-ls-1.2.1.tgz 0ms (cache hit)
183 http cache playwright-core@https://registry.npmjs.org/playwright-core/-/playwright-core-1.62.1.tgz 0ms (cache hit)
184 http cache picocolors@https://registry.npmjs.org/picocolors/-/picocolors-1.1.1.tgz 0ms (cache hit)
185 http cache playwright@https://registry.npmjs.org/playwright/-/playwright-1.62.1.tgz 0ms (cache hit)
186 http cache pathval@https://registry.npmjs.org/pathval/-/pathval-2.0.1.tgz 0ms (cache hit)
187 http cache pathe@https://registry.npmjs.org/pathe/-/pathe-2.0.3.tgz 0ms (cache hit)
188 http cache picomatch@https://registry.npmjs.org/picomatch/-/picomatch-4.0.5.tgz 0ms (cache hit)
189 http cache parse5@https://registry.npmjs.org/parse5/-/parse5-7.3.0.tgz 0ms (cache hit)
190 http cache path-exists@https://registry.npmjs.org/path-exists/-/path-exists-4.0.0.tgz 0ms (cache hit)
191 http cache path-key@https://registry.npmjs.org/path-key/-/path-key-3.1.1.tgz 0ms (cache hit)
192 http cache optionator@https://registry.npmjs.org/optionator/-/optionator-0.9.4.tgz 0ms (cache hit)
193 http cache p-limit@https://registry.npmjs.org/p-limit/-/p-limit-3.1.0.tgz 0ms (cache hit)
194 http cache p-locate@https://registry.npmjs.org/p-locate/-/p-locate-5.0.0.tgz 0ms (cache hit)
195 http cache node-releases@https://registry.npmjs.org/node-releases/-/node-releases-2.0.53.tgz 0ms (cache hit)
196 http cache nanoid@https://registry.npmjs.org/nanoid/-/nanoid-3.3.18.tgz 0ms (cache hit)
197 http cache natural-compare@https://registry.npmjs.org/natural-compare/-/natural-compare-1.4.0.tgz 0ms (cache hit)
198 http cache ms@https://registry.npmjs.org/ms/-/ms-2.1.3.tgz 0ms (cache hit)
199 http cache nwsapi@https://registry.npmjs.org/nwsapi/-/nwsapi-2.2.24.tgz 0ms (cache hit)
200 http cache minimatch@https://registry.npmjs.org/minimatch/-/minimatch-10.2.6.tgz 0ms (cache hit)
201 http cache min-indent@https://registry.npmjs.org/min-indent/-/min-indent-1.0.1.tgz 0ms (cache hit)
202 http cache lz-string@https://registry.npmjs.org/lz-string/-/lz-string-1.5.0.tgz 0ms (cache hit)
203 http cache lru-cache@https://registry.npmjs.org/lru-cache/-/lru-cache-5.1.1.tgz 0ms (cache hit)
204 http cache loupe@https://registry.npmjs.org/loupe/-/loupe-3.2.1.tgz 0ms (cache hit)
205 http cache magic-string@https://registry.npmjs.org/magic-string/-/magic-string-0.30.21.tgz 0ms (cache hit)
206 http cache locate-path@https://registry.npmjs.org/locate-path/-/locate-path-6.0.0.tgz 0ms (cache hit)
207 http cache levn@https://registry.npmjs.org/levn/-/levn-0.4.1.tgz 0ms (cache hit)
208 http cache keyv@https://registry.npmjs.org/keyv/-/keyv-4.5.4.tgz 0ms (cache hit)
209 http cache json-stable-stringify-without-jsonify@https://registry.npmjs.org/json-stable-stringify-without-jsonify/-/json-stable-stringify-without-jsonify-1.0.1.tgz 0ms (cache hit)
210 http cache json-buffer@https://registry.npmjs.org/json-buffer/-/json-buffer-3.0.1.tgz 0ms (cache hit)
211 http cache json2mq@https://registry.npmjs.org/json2mq/-/json2mq-0.2.0.tgz 0ms (cache hit)
212 http cache jsesc@https://registry.npmjs.org/jsesc/-/jsesc-3.1.0.tgz 0ms (cache hit)
213 http cache js-tokens@https://registry.npmjs.org/js-tokens/-/js-tokens-9.0.1.tgz 0ms (cache hit)
214 http cache json5@https://registry.npmjs.org/json5/-/json5-2.2.3.tgz 0ms (cache hit)
215 http cache json-schema-traverse@https://registry.npmjs.org/json-schema-traverse/-/json-schema-traverse-1.0.0.tgz 0ms (cache hit)
216 http cache isexe@https://registry.npmjs.org/isexe/-/isexe-2.0.0.tgz 0ms (cache hit)
217 http cache is-potential-custom-element-name@https://registry.npmjs.org/is-potential-custom-element-name/-/is-potential-custom-element-name-1.0.1.tgz 0ms (cache hit)
218 http cache is-glob@https://registry.npmjs.org/is-glob/-/is-glob-4.0.3.tgz 0ms (cache hit)
219 http cache jsdom@https://registry.npmjs.org/jsdom/-/jsdom-26.1.0.tgz 0ms (cache hit)
220 http cache is-mobile@https://registry.npmjs.org/is-mobile/-/is-mobile-5.0.0.tgz 0ms (cache hit)
221 http cache is-extglob@https://registry.npmjs.org/is-extglob/-/is-extglob-2.1.1.tgz 0ms (cache hit)
222 http cache imurmurhash@https://registry.npmjs.org/imurmurhash/-/imurmurhash-0.1.4.tgz 0ms (cache hit)
223 http cache indent-string@https://registry.npmjs.org/indent-string/-/indent-string-4.0.0.tgz 0ms (cache hit)
224 http cache ignore@https://registry.npmjs.org/ignore/-/ignore-5.3.2.tgz 0ms (cache hit)
225 http cache iconv-lite@https://registry.npmjs.org/iconv-lite/-/iconv-lite-0.6.3.tgz 0ms (cache hit)
226 http cache https-proxy-agent@https://registry.npmjs.org/https-proxy-agent/-/https-proxy-agent-7.0.6.tgz 0ms (cache hit)
227 http cache http-proxy-agent@https://registry.npmjs.org/http-proxy-agent/-/http-proxy-agent-7.0.2.tgz 0ms (cache hit)
228 http cache html-encoding-sniffer@https://registry.npmjs.org/html-encoding-sniffer/-/html-encoding-sniffer-4.0.0.tgz 0ms (cache hit)
229 http cache hermes-parser@https://registry.npmjs.org/hermes-parser/-/hermes-parser-0.25.1.tgz 0ms (cache hit)
230 http cache hermes-estree@https://registry.npmjs.org/hermes-estree/-/hermes-estree-0.25.1.tgz 0ms (cache hit)
231 http cache glob-parent@https://registry.npmjs.org/glob-parent/-/glob-parent-6.0.2.tgz 0ms (cache hit)
232 http cache gensync@https://registry.npmjs.org/gensync/-/gensync-1.0.0-beta.2.tgz 0ms (cache hit)
233 http cache globals@https://registry.npmjs.org/globals/-/globals-17.11.0.tgz 0ms (cache hit)
234 http cache flatted@https://registry.npmjs.org/flatted/-/flatted-3.4.4.tgz 0ms (cache hit)
235 http cache flat-cache@https://registry.npmjs.org/flat-cache/-/flat-cache-4.0.1.tgz 0ms (cache hit)
236 http cache find-up@https://registry.npmjs.org/find-up/-/find-up-5.0.0.tgz 0ms (cache hit)
237 http cache fdir@https://registry.npmjs.org/fdir/-/fdir-6.5.0.tgz 0ms (cache hit)
238 http cache fast-uri@https://registry.npmjs.org/fast-uri/-/fast-uri-3.1.5.tgz 0ms (cache hit)
239 http cache file-entry-cache@https://registry.npmjs.org/file-entry-cache/-/file-entry-cache-8.0.0.tgz 0ms (cache hit)
240 http cache fast-json-stable-stringify@https://registry.npmjs.org/fast-json-stable-stringify/-/fast-json-stable-stringify-2.1.0.tgz 0ms (cache hit)
241 http cache fast-levenshtein@https://registry.npmjs.org/fast-levenshtein/-/fast-levenshtein-2.0.6.tgz 0ms (cache hit)
242 http cache expect-type@https://registry.npmjs.org/expect-type/-/expect-type-1.4.0.tgz 0ms (cache hit)
243 http cache fast-deep-equal@https://registry.npmjs.org/fast-deep-equal/-/fast-deep-equal-3.1.3.tgz 0ms (cache hit)
244 http cache esutils@https://registry.npmjs.org/esutils/-/esutils-2.0.3.tgz 0ms (cache hit)
245 http cache estree-walker@https://registry.npmjs.org/estree-walker/-/estree-walker-3.0.3.tgz 0ms (cache hit)
246 http cache esrecurse@https://registry.npmjs.org/esrecurse/-/esrecurse-4.3.0.tgz 0ms (cache hit)
247 http cache esquery@https://registry.npmjs.org/esquery/-/esquery-1.7.0.tgz 0ms (cache hit)
248 http cache eslint-visitor-keys@https://registry.npmjs.org/eslint-visitor-keys/-/eslint-visitor-keys-5.0.1.tgz 0ms (cache hit)
249 http cache estraverse@https://registry.npmjs.org/estraverse/-/estraverse-5.3.0.tgz 0ms (cache hit)
250 http cache eslint-plugin-react-refresh@https://registry.npmjs.org/eslint-plugin-react-refresh/-/eslint-plugin-react-refresh-0.5.4.tgz 0ms (cache hit)
251 http cache espree@https://registry.npmjs.org/espree/-/espree-11.2.0.tgz 0ms (cache hit)
252 http cache eslint-scope@https://registry.npmjs.org/eslint-scope/-/eslint-scope-9.1.2.tgz 0ms (cache hit)
253 http cache eslint@https://registry.npmjs.org/eslint/-/eslint-10.8.1.tgz 0ms (cache hit)
254 http cache escape-string-regexp@https://registry.npmjs.org/escape-string-regexp/-/escape-string-regexp-4.0.0.tgz 0ms (cache hit)
255 http cache esbuild@https://registry.npmjs.org/esbuild/-/esbuild-0.25.12.tgz 0ms (cache hit)
256 http cache entities@https://registry.npmjs.org/entities/-/entities-6.0.1.tgz 0ms (cache hit)
257 http cache eslint-plugin-react-hooks@https://registry.npmjs.org/eslint-plugin-react-hooks/-/eslint-plugin-react-hooks-7.1.1.tgz 0ms (cache hit)
258 http cache escalade@https://registry.npmjs.org/escalade/-/escalade-3.2.0.tgz 0ms (cache hit)
259 http cache dequal@https://registry.npmjs.org/dequal/-/dequal-2.0.3.tgz 0ms (cache hit)
260 http cache es-module-lexer@https://registry.npmjs.org/es-module-lexer/-/es-module-lexer-1.7.0.tgz 0ms (cache hit)
261 http cache deep-is@https://registry.npmjs.org/deep-is/-/deep-is-0.1.4.tgz 0ms (cache hit)
262 http cache electron-to-chromium@https://registry.npmjs.org/electron-to-chromium/-/electron-to-chromium-1.5.406.tgz 0ms (cache hit)
263 http cache deep-eql@https://registry.npmjs.org/deep-eql/-/deep-eql-5.0.2.tgz 0ms (cache hit)
264 http cache decimal.js@https://registry.npmjs.org/decimal.js/-/decimal.js-10.6.0.tgz 0ms (cache hit)
265 http cache dom-accessibility-api@https://registry.npmjs.org/dom-accessibility-api/-/dom-accessibility-api-0.5.16.tgz 0ms (cache hit)
266 http cache dayjs@https://registry.npmjs.org/dayjs/-/dayjs-1.11.21.tgz 0ms (cache hit)
267 http cache debug@https://registry.npmjs.org/debug/-/debug-4.4.3.tgz 0ms (cache hit)
268 http cache data-urls@https://registry.npmjs.org/data-urls/-/data-urls-5.0.0.tgz 0ms (cache hit)
269 http cache cssstyle@https://registry.npmjs.org/cssstyle/-/cssstyle-4.6.0.tgz 0ms (cache hit)
270 http cache css.escape@https://registry.npmjs.org/css.escape/-/css.escape-1.5.1.tgz 0ms (cache hit)
271 http cache csstype@https://registry.npmjs.org/csstype/-/csstype-3.2.3.tgz 0ms (cache hit)
272 http cache convert-source-map@https://registry.npmjs.org/convert-source-map/-/convert-source-map-2.0.0.tgz 0ms (cache hit)
273 http cache compute-scroll-into-view@https://registry.npmjs.org/compute-scroll-into-view/-/compute-scroll-into-view-3.1.1.tgz 0ms (cache hit)
274 http cache clsx@https://registry.npmjs.org/clsx/-/clsx-2.1.1.tgz 0ms (cache hit)
275 http cache check-error@https://registry.npmjs.org/check-error/-/check-error-2.1.3.tgz 0ms (cache hit)
276 http cache chai@https://registry.npmjs.org/chai/-/chai-5.3.3.tgz 0ms (cache hit)
277 http cache browserslist@https://registry.npmjs.org/browserslist/-/browserslist-4.28.8.tgz 0ms (cache hit)
278 http cache cross-spawn@https://registry.npmjs.org/cross-spawn/-/cross-spawn-7.0.6.tgz 0ms (cache hit)
279 http cache caniuse-lite@https://registry.npmjs.org/caniuse-lite/-/caniuse-lite-1.0.30001809.tgz 0ms (cache hit)
280 http cache cac@https://registry.npmjs.org/cac/-/cac-6.7.14.tgz 0ms (cache hit)
281 http cache balanced-match@https://registry.npmjs.org/balanced-match/-/balanced-match-4.0.4.tgz 0ms (cache hit)
282 http cache brace-expansion@https://registry.npmjs.org/brace-expansion/-/brace-expansion-5.0.9.tgz 0ms (cache hit)
283 http cache baseline-browser-mapping@https://registry.npmjs.org/baseline-browser-mapping/-/baseline-browser-mapping-2.11.14.tgz 0ms (cache hit)
284 http cache assertion-error@https://registry.npmjs.org/assertion-error/-/assertion-error-2.0.1.tgz 0ms (cache hit)
285 http cache aria-query@https://registry.npmjs.org/aria-query/-/aria-query-5.3.0.tgz 0ms (cache hit)
286 http cache antd@https://registry.npmjs.org/antd/-/antd-6.6.0.tgz 0ms (cache hit)
287 http cache ansi-styles@https://registry.npmjs.org/ansi-styles/-/ansi-styles-5.2.0.tgz 0ms (cache hit)
288 http cache ansi-regex@https://registry.npmjs.org/ansi-regex/-/ansi-regex-5.0.1.tgz 0ms (cache hit)
289 http cache ajv-formats@https://registry.npmjs.org/ajv-formats/-/ajv-formats-3.0.1.tgz 0ms (cache hit)
290 http cache ajv@https://registry.npmjs.org/ajv/-/ajv-8.20.0.tgz 0ms (cache hit)
291 http cache acorn-jsx@https://registry.npmjs.org/acorn-jsx/-/acorn-jsx-5.3.2.tgz 0ms (cache hit)
292 http cache agent-base@https://registry.npmjs.org/agent-base/-/agent-base-7.1.4.tgz 0ms (cache hit)
293 http cache acorn@https://registry.npmjs.org/acorn/-/acorn-8.18.0.tgz 0ms (cache hit)
294 http cache @vitest/utils@https://registry.npmjs.org/@vitest/utils/-/utils-3.2.7.tgz 0ms (cache hit)
295 http cache @vitest/snapshot@https://registry.npmjs.org/@vitest/snapshot/-/snapshot-3.2.7.tgz 0ms (cache hit)
296 http cache @vitest/spy@https://registry.npmjs.org/@vitest/spy/-/spy-3.2.7.tgz 0ms (cache hit)
297 http cache @vitest/runner@https://registry.npmjs.org/@vitest/runner/-/runner-3.2.7.tgz 0ms (cache hit)
298 http cache @vitest/pretty-format@https://registry.npmjs.org/@vitest/pretty-format/-/pretty-format-3.2.7.tgz 0ms (cache hit)
299 http cache @vitejs/plugin-react@https://registry.npmjs.org/@vitejs/plugin-react/-/plugin-react-4.7.0.tgz 0ms (cache hit)
300 http cache @vitest/expect@https://registry.npmjs.org/@vitest/expect/-/expect-3.2.7.tgz 0ms (cache hit)
301 http cache @typescript-eslint/utils@https://registry.npmjs.org/@typescript-eslint/utils/-/utils-8.67.0.tgz 0ms (cache hit)
302 http cache @vitest/mocker@https://registry.npmjs.org/@vitest/mocker/-/mocker-3.2.7.tgz 0ms (cache hit)
303 http cache @typescript-eslint/visitor-keys@https://registry.npmjs.org/@typescript-eslint/visitor-keys/-/visitor-keys-8.67.0.tgz 0ms (cache hit)
304 http cache @typescript-eslint/typescript-estree@https://registry.npmjs.org/@typescript-eslint/typescript-estree/-/typescript-estree-8.67.0.tgz 0ms (cache hit)
305 http cache @typescript-eslint/types@https://registry.npmjs.org/@typescript-eslint/types/-/types-8.67.0.tgz 0ms (cache hit)
306 http cache @typescript-eslint/type-utils@https://registry.npmjs.org/@typescript-eslint/type-utils/-/type-utils-8.67.0.tgz 0ms (cache hit)
307 http cache @types/react-dom@https://registry.npmjs.org/@types/react-dom/-/react-dom-19.2.4.tgz 0ms (cache hit)
308 http cache @types/react@https://registry.npmjs.org/@types/react/-/react-19.2.18.tgz 0ms (cache hit)
309 http cache @typescript-eslint/scope-manager@https://registry.npmjs.org/@typescript-eslint/scope-manager/-/scope-manager-8.67.0.tgz 0ms (cache hit)
310 http cache @typescript-eslint/tsconfig-utils@https://registry.npmjs.org/@typescript-eslint/tsconfig-utils/-/tsconfig-utils-8.67.0.tgz 0ms (cache hit)
311 http cache @typescript-eslint/project-service@https://registry.npmjs.org/@typescript-eslint/project-service/-/project-service-8.67.0.tgz 0ms (cache hit)
312 http cache @typescript-eslint/parser@https://registry.npmjs.org/@typescript-eslint/parser/-/parser-8.67.0.tgz 0ms (cache hit)
313 http cache @typescript-eslint/eslint-plugin@https://registry.npmjs.org/@typescript-eslint/eslint-plugin/-/eslint-plugin-8.67.0.tgz 0ms (cache hit)
314 http cache @types/json-schema@https://registry.npmjs.org/@types/json-schema/-/json-schema-7.0.15.tgz 0ms (cache hit)
315 http cache @types/node@https://registry.npmjs.org/@types/node/-/node-22.20.1.tgz 0ms (cache hit)
316 http cache @types/deep-eql@https://registry.npmjs.org/@types/deep-eql/-/deep-eql-4.0.2.tgz 0ms (cache hit)
317 http cache @types/estree@https://registry.npmjs.org/@types/estree/-/estree-1.0.9.tgz 0ms (cache hit)
318 http cache @types/chai@https://registry.npmjs.org/@types/chai/-/chai-5.2.3.tgz 0ms (cache hit)
319 http cache @types/esrecurse@https://registry.npmjs.org/@types/esrecurse/-/esrecurse-4.3.1.tgz 0ms (cache hit)
320 http cache @types/babel__template@https://registry.npmjs.org/@types/babel__template/-/babel__template-7.4.4.tgz 0ms (cache hit)
321 http cache @types/babel__traverse@https://registry.npmjs.org/@types/babel__traverse/-/babel__traverse-7.28.0.tgz 0ms (cache hit)
322 http cache @types/babel__generator@https://registry.npmjs.org/@types/babel__generator/-/babel__generator-7.27.0.tgz 0ms (cache hit)
323 http cache @types/babel__core@https://registry.npmjs.org/@types/babel__core/-/babel__core-7.20.5.tgz 0ms (cache hit)
324 http cache @types/aria-query@https://registry.npmjs.org/@types/aria-query/-/aria-query-5.0.4.tgz 0ms (cache hit)
325 http cache @rolldown/pluginutils@https://registry.npmjs.org/@rolldown/pluginutils/-/pluginutils-1.0.0-beta.27.tgz 0ms (cache hit)
326 http cache @testing-library/react@https://registry.npmjs.org/@testing-library/react/-/react-16.3.2.tgz 0ms (cache hit)
327 http cache @rollup/rollup-win32-x64-msvc@https://registry.npmjs.org/@rollup/rollup-win32-x64-msvc/-/rollup-win32-x64-msvc-4.62.4.tgz 0ms (cache hit)
328 http cache @rollup/rollup-win32-x64-gnu@https://registry.npmjs.org/@rollup/rollup-win32-x64-gnu/-/rollup-win32-x64-gnu-4.62.4.tgz 0ms (cache hit)
329 http cache @testing-library/jest-dom@https://registry.npmjs.org/@testing-library/jest-dom/-/jest-dom-6.9.1.tgz 0ms (cache hit)
330 http cache @testing-library/dom@https://registry.npmjs.org/@testing-library/dom/-/dom-10.4.1.tgz 0ms (cache hit)
331 http cache @rc-component/util@https://registry.npmjs.org/@rc-component/util/-/util-1.12.0.tgz 0ms (cache hit)
332 http cache @rc-component/virtual-list@https://registry.npmjs.org/@rc-component/virtual-list/-/virtual-list-1.5.1.tgz 0ms (cache hit)
333 http cache @rc-component/upload@https://registry.npmjs.org/@rc-component/upload/-/upload-1.1.1.tgz 0ms (cache hit)
334 http cache @rc-component/trigger@https://registry.npmjs.org/@rc-component/trigger/-/trigger-3.10.1.tgz 0ms (cache hit)
335 http cache @rc-component/tree-select@https://registry.npmjs.org/@rc-component/tree-select/-/tree-select-1.16.1.tgz 0ms (cache hit)
336 http cache @rc-component/tree@https://registry.npmjs.org/@rc-component/tree/-/tree-1.4.0.tgz 0ms (cache hit)
337 http cache @rc-component/tour@https://registry.npmjs.org/@rc-component/tour/-/tour-2.4.0.tgz 0ms (cache hit)
338 http cache @rc-component/tabs@https://registry.npmjs.org/@rc-component/tabs/-/tabs-1.12.0.tgz 0ms (cache hit)
339 http cache @rc-component/tooltip@https://registry.npmjs.org/@rc-component/tooltip/-/tooltip-1.5.0.tgz 0ms (cache hit)
340 http cache @rc-component/table@https://registry.npmjs.org/@rc-component/table/-/table-1.11.1.tgz 0ms (cache hit)
341 http cache @rc-component/slider@https://registry.npmjs.org/@rc-component/slider/-/slider-1.1.1.tgz 0ms (cache hit)
342 http cache @rc-component/switch@https://registry.npmjs.org/@rc-component/switch/-/switch-1.0.3.tgz 0ms (cache hit)
343 http cache @rc-component/steps@https://registry.npmjs.org/@rc-component/steps/-/steps-1.2.2.tgz 0ms (cache hit)
344 http cache @rc-component/segmented@https://registry.npmjs.org/@rc-component/segmented/-/segmented-1.3.0.tgz 0ms (cache hit)
345 http cache @rc-component/select@https://registry.npmjs.org/@rc-component/select/-/select-1.10.1.tgz 0ms (cache hit)
346 http cache @rc-component/resize-observer@https://registry.npmjs.org/@rc-component/resize-observer/-/resize-observer-1.1.2.tgz 0ms (cache hit)
347 http cache @rc-component/rate@https://registry.npmjs.org/@rc-component/rate/-/rate-1.0.1.tgz 0ms (cache hit)
348 http cache @rc-component/qrcode@https://registry.npmjs.org/@rc-component/qrcode/-/qrcode-2.0.0.tgz 0ms (cache hit)
349 http cache @rc-component/progress@https://registry.npmjs.org/@rc-component/progress/-/progress-1.0.2.tgz 0ms (cache hit)
350 http cache @rc-component/portal@https://registry.npmjs.org/@rc-component/portal/-/portal-2.2.1.tgz 0ms (cache hit)
351 http cache @rc-component/picker@https://registry.npmjs.org/@rc-component/picker/-/picker-1.12.0.tgz 0ms (cache hit)
352 http cache @rc-component/overflow@https://registry.npmjs.org/@rc-component/overflow/-/overflow-1.0.1.tgz 0ms (cache hit)
353 http cache @rc-component/notification@https://registry.npmjs.org/@rc-component/notification/-/notification-2.0.7.tgz 0ms (cache hit)
354 http cache @rc-component/mutate-observer@https://registry.npmjs.org/@rc-component/mutate-observer/-/mutate-observer-2.0.1.tgz 0ms (cache hit)
355 http cache @rc-component/motion@https://registry.npmjs.org/@rc-component/motion/-/motion-1.3.3.tgz 0ms (cache hit)
356 http cache @rc-component/mini-decimal@https://registry.npmjs.org/@rc-component/mini-decimal/-/mini-decimal-1.1.4.tgz 0ms (cache hit)
357 http cache @rc-component/mentions@https://registry.npmjs.org/@rc-component/mentions/-/mentions-1.11.0.tgz 0ms (cache hit)
358 http cache @rc-component/menu@https://registry.npmjs.org/@rc-component/menu/-/menu-1.4.1.tgz 0ms (cache hit)
359 http cache @rc-component/listy@https://registry.npmjs.org/@rc-component/listy/-/listy-1.2.3.tgz 0ms (cache hit)
360 http cache @rc-component/input@https://registry.npmjs.org/@rc-component/input/-/input-1.3.1.tgz 0ms (cache hit)
361 http cache @rc-component/input-number@https://registry.npmjs.org/@rc-component/input-number/-/input-number-1.6.2.tgz 0ms (cache hit)
362 http cache @rc-component/image@https://registry.npmjs.org/@rc-component/image/-/image-1.10.0.tgz 0ms (cache hit)
363 http cache @rc-component/form@https://registry.npmjs.org/@rc-component/form/-/form-1.8.6.tgz 0ms (cache hit)
364 http cache @rc-component/dropdown@https://registry.npmjs.org/@rc-component/dropdown/-/dropdown-1.0.3.tgz 0ms (cache hit)
365 http cache @rc-component/pagination@https://registry.npmjs.org/@rc-component/pagination/-/pagination-1.4.0.tgz 0ms (cache hit)
366 http cache @rc-component/drawer@https://registry.npmjs.org/@rc-component/drawer/-/drawer-1.4.2.tgz 0ms (cache hit)
367 http cache @rc-component/dialog@https://registry.npmjs.org/@rc-component/dialog/-/dialog-1.10.0.tgz 0ms (cache hit)
368 http cache @rc-component/context@https://registry.npmjs.org/@rc-component/context/-/context-2.0.2.tgz 0ms (cache hit)
369 http cache @rc-component/color-picker@https://registry.npmjs.org/@rc-component/color-picker/-/color-picker-3.1.1.tgz 0ms (cache hit)
370 http cache @rc-component/collapse@https://registry.npmjs.org/@rc-component/collapse/-/collapse-1.2.0.tgz 0ms (cache hit)
371 http cache @rc-component/checkbox@https://registry.npmjs.org/@rc-component/checkbox/-/checkbox-2.0.0.tgz 0ms (cache hit)
372 http cache @rc-component/cascader@https://registry.npmjs.org/@rc-component/cascader/-/cascader-1.22.0.tgz 0ms (cache hit)
373 http cache @rc-component/async-validator@https://registry.npmjs.org/@rc-component/async-validator/-/async-validator-6.0.0.tgz 0ms (cache hit)
374 http cache @playwright/test@https://registry.npmjs.org/@playwright/test/-/test-1.62.1.tgz 0ms (cache hit)
375 http cache @jridgewell/trace-mapping@https://registry.npmjs.org/@jridgewell/trace-mapping/-/trace-mapping-0.3.31.tgz 0ms (cache hit)
376 http cache @jridgewell/sourcemap-codec@https://registry.npmjs.org/@jridgewell/sourcemap-codec/-/sourcemap-codec-1.5.5.tgz 0ms (cache hit)
377 http cache @jridgewell/resolve-uri@https://registry.npmjs.org/@jridgewell/resolve-uri/-/resolve-uri-3.1.2.tgz 0ms (cache hit)
378 http cache @jridgewell/remapping@https://registry.npmjs.org/@jridgewell/remapping/-/remapping-2.3.5.tgz 0ms (cache hit)
379 http cache @jridgewell/gen-mapping@https://registry.npmjs.org/@jridgewell/gen-mapping/-/gen-mapping-0.3.13.tgz 0ms (cache hit)
380 http cache @humanwhocodes/retry@https://registry.npmjs.org/@humanwhocodes/retry/-/retry-0.4.3.tgz 0ms (cache hit)
381 http cache @humanwhocodes/module-importer@https://registry.npmjs.org/@humanwhocodes/module-importer/-/module-importer-1.0.1.tgz 0ms (cache hit)
382 http cache @humanfs/node@https://registry.npmjs.org/@humanfs/node/-/node-0.16.8.tgz 0ms (cache hit)
383 http cache @humanfs/types@https://registry.npmjs.org/@humanfs/types/-/types-0.15.0.tgz 0ms (cache hit)
384 http cache @fontsource/noto-sans-sc@https://registry.npmjs.org/@fontsource/noto-sans-sc/-/noto-sans-sc-5.3.0.tgz 0ms (cache hit)
385 http cache @humanfs/core@https://registry.npmjs.org/@humanfs/core/-/core-0.19.2.tgz 0ms (cache hit)
386 http cache @eslint/core@https://registry.npmjs.org/@eslint/core/-/core-1.2.1.tgz 0ms (cache hit)
387 http cache @eslint/object-schema@https://registry.npmjs.org/@eslint/object-schema/-/object-schema-3.0.5.tgz 0ms (cache hit)
388 http cache @eslint/js@https://registry.npmjs.org/@eslint/js/-/js-10.0.1.tgz 0ms (cache hit)
389 http cache @eslint/plugin-kit@https://registry.npmjs.org/@eslint/plugin-kit/-/plugin-kit-0.7.2.tgz 0ms (cache hit)
390 http cache @eslint/config-array@https://registry.npmjs.org/@eslint/config-array/-/config-array-0.23.5.tgz 0ms (cache hit)
391 http cache @esbuild/win32-x64@https://registry.npmjs.org/@esbuild/win32-x64/-/win32-x64-0.25.12.tgz 0ms (cache hit)
392 http cache @eslint/config-helpers@https://registry.npmjs.org/@eslint/config-helpers/-/config-helpers-0.7.0.tgz 0ms (cache hit)
393 http cache @csstools/css-tokenizer@https://registry.npmjs.org/@csstools/css-tokenizer/-/css-tokenizer-3.0.4.tgz 0ms (cache hit)
394 http cache @emotion/hash@https://registry.npmjs.org/@emotion/hash/-/hash-0.8.0.tgz 0ms (cache hit)
395 http cache @eslint-community/eslint-utils@https://registry.npmjs.org/@eslint-community/eslint-utils/-/eslint-utils-4.10.1.tgz 0ms (cache hit)
396 http cache @eslint-community/regexpp@https://registry.npmjs.org/@eslint-community/regexpp/-/regexpp-4.12.2.tgz 0ms (cache hit)
397 http cache @emotion/unitless@https://registry.npmjs.org/@emotion/unitless/-/unitless-0.7.5.tgz 0ms (cache hit)
398 http cache @csstools/css-parser-algorithms@https://registry.npmjs.org/@csstools/css-parser-algorithms/-/css-parser-algorithms-3.0.5.tgz 0ms (cache hit)
399 http cache @babel/types@https://registry.npmjs.org/@babel/types/-/types-7.29.8.tgz 0ms (cache hit)
400 http cache @babel/template@https://registry.npmjs.org/@babel/template/-/template-7.29.7.tgz 0ms (cache hit)
401 http cache @babel/traverse@https://registry.npmjs.org/@babel/traverse/-/traverse-7.29.8.tgz 0ms (cache hit)
402 http cache @babel/runtime@https://registry.npmjs.org/@babel/runtime/-/runtime-7.29.7.tgz 0ms (cache hit)
403 http cache @csstools/css-color-parser@https://registry.npmjs.org/@csstools/css-color-parser/-/css-color-parser-3.1.0.tgz 0ms (cache hit)
404 http cache @babel/plugin-transform-react-jsx-source@https://registry.npmjs.org/@babel/plugin-transform-react-jsx-source/-/plugin-transform-react-jsx-source-7.29.7.tgz 0ms (cache hit)
405 http cache @csstools/color-helpers@https://registry.npmjs.org/@csstools/color-helpers/-/color-helpers-5.1.0.tgz 0ms (cache hit)
406 http cache @csstools/css-calc@https://registry.npmjs.org/@csstools/css-calc/-/css-calc-2.1.4.tgz 0ms (cache hit)
407 http cache @babel/plugin-transform-react-jsx-self@https://registry.npmjs.org/@babel/plugin-transform-react-jsx-self/-/plugin-transform-react-jsx-self-7.29.7.tgz 0ms (cache hit)
408 http cache @babel/parser@https://registry.npmjs.org/@babel/parser/-/parser-7.29.8.tgz 0ms (cache hit)
409 http cache @babel/helpers@https://registry.npmjs.org/@babel/helpers/-/helpers-7.29.7.tgz 0ms (cache hit)
410 http cache @babel/helper-validator-option@https://registry.npmjs.org/@babel/helper-validator-option/-/helper-validator-option-7.29.7.tgz 0ms (cache hit)
411 http cache @babel/helper-validator-identifier@https://registry.npmjs.org/@babel/helper-validator-identifier/-/helper-validator-identifier-7.29.7.tgz 0ms (cache hit)
412 http cache @babel/helper-string-parser@https://registry.npmjs.org/@babel/helper-string-parser/-/helper-string-parser-7.29.7.tgz 0ms (cache hit)
413 http cache @babel/helper-plugin-utils@https://registry.npmjs.org/@babel/helper-plugin-utils/-/helper-plugin-utils-7.29.7.tgz 0ms (cache hit)
414 http cache @babel/helper-module-imports@https://registry.npmjs.org/@babel/helper-module-imports/-/helper-module-imports-7.29.7.tgz 0ms (cache hit)
415 http cache @babel/helper-module-transforms@https://registry.npmjs.org/@babel/helper-module-transforms/-/helper-module-transforms-7.29.7.tgz 0ms (cache hit)
416 http cache @babel/helper-globals@https://registry.npmjs.org/@babel/helper-globals/-/helper-globals-7.29.7.tgz 0ms (cache hit)
417 http cache @babel/helper-compilation-targets@https://registry.npmjs.org/@babel/helper-compilation-targets/-/helper-compilation-targets-7.29.7.tgz 0ms (cache hit)
418 http cache @babel/generator@https://registry.npmjs.org/@babel/generator/-/generator-7.29.8.tgz 0ms (cache hit)
419 http cache @babel/core@https://registry.npmjs.org/@babel/core/-/core-7.29.7.tgz 0ms (cache hit)
420 http cache @asamuzakjp/css-color@https://registry.npmjs.org/@asamuzakjp/css-color/-/css-color-3.2.0.tgz 0ms (cache hit)
421 http cache @babel/compat-data@https://registry.npmjs.org/@babel/compat-data/-/compat-data-7.29.7.tgz 0ms (cache hit)
422 http cache @ant-design/react-slick@https://registry.npmjs.org/@ant-design/react-slick/-/react-slick-2.0.0.tgz 0ms (cache hit)
423 http cache @babel/code-frame@https://registry.npmjs.org/@babel/code-frame/-/code-frame-7.29.7.tgz 0ms (cache hit)
424 http cache @ant-design/fast-color@https://registry.npmjs.org/@ant-design/fast-color/-/fast-color-3.0.1.tgz 0ms (cache hit)
425 http cache @ant-design/icons-svg@https://registry.npmjs.org/@ant-design/icons-svg/-/icons-svg-4.5.0.tgz 0ms (cache hit)
426 http cache @ant-design/icons@https://registry.npmjs.org/@ant-design/icons/-/icons-6.3.2.tgz 0ms (cache hit)
427 http cache @ant-design/cssinjs-utils@https://registry.npmjs.org/@ant-design/cssinjs-utils/-/cssinjs-utils-2.1.2.tgz 0ms (cache hit)
428 http cache @adobe/css-tools@https://registry.npmjs.org/@adobe/css-tools/-/css-tools-4.5.0.tgz 0ms (cache hit)
429 http cache @ant-design/colors@https://registry.npmjs.org/@ant-design/colors/-/colors-8.0.1.tgz 0ms (cache hit)
430 http cache @ant-design/cssinjs@https://registry.npmjs.org/@ant-design/cssinjs/-/cssinjs-2.1.2.tgz 0ms (cache hit)
431 http cache ajv@https://registry.npmjs.org/ajv/-/ajv-6.15.0.tgz 0ms (cache hit)
432 http cache json-schema-traverse@https://registry.npmjs.org/json-schema-traverse/-/json-schema-traverse-0.4.1.tgz 0ms (cache hit)
433 http cache @babel/runtime@https://registry.npmjs.org/@babel/runtime/-/runtime-8.0.0.tgz 0ms (cache hit)
434 http cache semver@https://registry.npmjs.org/semver/-/semver-7.8.5.tgz 0ms (cache hit)
435 http cache ignore@https://registry.npmjs.org/ignore/-/ignore-7.0.6.tgz 0ms (cache hit)
436 http cache dom-accessibility-api@https://registry.npmjs.org/dom-accessibility-api/-/dom-accessibility-api-0.6.3.tgz 0ms (cache hit)
437 http cache react-is@https://registry.npmjs.org/react-is/-/react-is-19.2.8.tgz 0ms (cache hit)
438 http cache lru-cache@https://registry.npmjs.org/lru-cache/-/lru-cache-10.4.3.tgz 0ms (cache hit)
439 silly tarball no local data for zustand@https://registry.npmjs.org/zustand/-/zustand-5.0.15.tgz. Extracting by manifest.
440 silly tarball no local data for zod-validation-error@https://registry.npmjs.org/zod-validation-error/-/zod-validation-error-4.0.2.tgz. Extracting by manifest.
441 silly tarball no local data for xmlchars@https://registry.npmjs.org/xmlchars/-/xmlchars-2.2.0.tgz. Extracting by manifest.
442 silly tarball no local data for yocto-queue@https://registry.npmjs.org/yocto-queue/-/yocto-queue-0.1.0.tgz. Extracting by manifest.
443 silly tarball no local data for zod@https://registry.npmjs.org/zod/-/zod-3.25.76.tgz. Extracting by manifest.
444 silly tarball no local data for ws@https://registry.npmjs.org/ws/-/ws-8.21.3.tgz. Extracting by manifest.
445 silly tarball no local data for xml-name-validator@https://registry.npmjs.org/xml-name-validator/-/xml-name-validator-5.0.0.tgz. Extracting by manifest.
446 silly tarball no local data for yallist@https://registry.npmjs.org/yallist/-/yallist-3.1.1.tgz. Extracting by manifest.
447 silly tarball no local data for why-is-node-running@https://registry.npmjs.org/why-is-node-running/-/why-is-node-running-2.3.0.tgz. Extracting by manifest.
448 silly tarball no local data for which@https://registry.npmjs.org/which/-/which-2.0.2.tgz. Extracting by manifest.
449 silly tarball no local data for whatwg-mimetype@https://registry.npmjs.org/whatwg-mimetype/-/whatwg-mimetype-4.0.0.tgz. Extracting by manifest.
450 silly tarball no local data for word-wrap@https://registry.npmjs.org/word-wrap/-/word-wrap-1.2.5.tgz. Extracting by manifest.
451 silly tarball no local data for whatwg-url@https://registry.npmjs.org/whatwg-url/-/whatwg-url-14.2.0.tgz. Extracting by manifest.
452 http cache js-tokens@https://registry.npmjs.org/js-tokens/-/js-tokens-4.0.0.tgz 0ms (cache hit)
453 silly tarball no local data for webidl-conversions@https://registry.npmjs.org/webidl-conversions/-/webidl-conversions-7.0.0.tgz. Extracting by manifest.
454 silly tarball no local data for w3c-xmlserializer@https://registry.npmjs.org/w3c-xmlserializer/-/w3c-xmlserializer-5.0.0.tgz. Extracting by manifest.
455 silly tarball no local data for whatwg-encoding@https://registry.npmjs.org/whatwg-encoding/-/whatwg-encoding-3.1.1.tgz. Extracting by manifest.
456 http cache eslint-visitor-keys@https://registry.npmjs.org/eslint-visitor-keys/-/eslint-visitor-keys-3.4.3.tgz 0ms (cache hit)
457 silly tarball no local data for vite@https://registry.npmjs.org/vite/-/vite-6.4.3.tgz. Extracting by manifest.
458 silly tarball no local data for vite-node@https://registry.npmjs.org/vite-node/-/vite-node-3.2.4.tgz. Extracting by manifest.
459 silly tarball no local data for update-browserslist-db@https://registry.npmjs.org/update-browserslist-db/-/update-browserslist-db-1.3.1.tgz. Extracting by manifest.
460 silly tarball no local data for typescript-eslint@https://registry.npmjs.org/typescript-eslint/-/typescript-eslint-8.67.0.tgz. Extracting by manifest.
461 silly tarball no local data for vitest@https://registry.npmjs.org/vitest/-/vitest-3.2.7.tgz. Extracting by manifest.
462 silly tarball no local data for uri-js@https://registry.npmjs.org/uri-js/-/uri-js-4.4.1.tgz. Extracting by manifest.
463 silly tarball no local data for undici-types@https://registry.npmjs.org/undici-types/-/undici-types-6.21.0.tgz. Extracting by manifest.
464 silly tarball no local data for typescript@https://registry.npmjs.org/typescript/-/typescript-5.9.3.tgz. Extracting by manifest.
465 silly tarball no local data for type-check@https://registry.npmjs.org/type-check/-/type-check-0.4.0.tgz. Extracting by manifest.
466 silly tarball no local data for tr46@https://registry.npmjs.org/tr46/-/tr46-5.1.1.tgz. Extracting by manifest.
467 silly tarball no local data for ts-api-utils@https://registry.npmjs.org/ts-api-utils/-/ts-api-utils-2.5.0.tgz. Extracting by manifest.
468 silly tarball no local data for tough-cookie@https://registry.npmjs.org/tough-cookie/-/tough-cookie-5.1.2.tgz. Extracting by manifest.
469 silly tarball no local data for tldts-core@https://registry.npmjs.org/tldts-core/-/tldts-core-6.1.86.tgz. Extracting by manifest.
470 silly tarball no local data for tinyspy@https://registry.npmjs.org/tinyspy/-/tinyspy-4.0.4.tgz. Extracting by manifest.
471 silly tarball no local data for tinyrainbow@https://registry.npmjs.org/tinyrainbow/-/tinyrainbow-2.0.0.tgz. Extracting by manifest.
472 silly tarball no local data for tldts@https://registry.npmjs.org/tldts/-/tldts-6.1.86.tgz. Extracting by manifest.
473 silly tarball no local data for tinypool@https://registry.npmjs.org/tinypool/-/tinypool-1.1.1.tgz. Extracting by manifest.
474 silly tarball no local data for tinyglobby@https://registry.npmjs.org/tinyglobby/-/tinyglobby-0.2.17.tgz. Extracting by manifest.
475 silly tarball no local data for tinyexec@https://registry.npmjs.org/tinyexec/-/tinyexec-0.3.2.tgz. Extracting by manifest.
476 silly tarball no local data for throttle-debounce@https://registry.npmjs.org/throttle-debounce/-/throttle-debounce-5.0.2.tgz. Extracting by manifest.
477 silly tarball no local data for symbol-tree@https://registry.npmjs.org/symbol-tree/-/symbol-tree-3.2.4.tgz. Extracting by manifest.
478 silly tarball no local data for tinybench@https://registry.npmjs.org/tinybench/-/tinybench-2.9.0.tgz. Extracting by manifest.
479 silly tarball no local data for strip-indent@https://registry.npmjs.org/strip-indent/-/strip-indent-3.0.0.tgz. Extracting by manifest.
480 silly tarball no local data for stylis@https://registry.npmjs.org/stylis/-/stylis-4.4.0.tgz. Extracting by manifest.
481 silly tarball no local data for string-convert@https://registry.npmjs.org/string-convert/-/string-convert-0.2.1.tgz. Extracting by manifest.
482 silly tarball no local data for strip-literal@https://registry.npmjs.org/strip-literal/-/strip-literal-3.1.0.tgz. Extracting by manifest.
483 silly tarball no local data for std-env@https://registry.npmjs.org/std-env/-/std-env-3.10.0.tgz. Extracting by manifest.
484 silly tarball no local data for source-map-js@https://registry.npmjs.org/source-map-js/-/source-map-js-1.2.1.tgz. Extracting by manifest.
485 silly tarball no local data for shebang-regex@https://registry.npmjs.org/shebang-regex/-/shebang-regex-3.0.0.tgz. Extracting by manifest.
486 silly tarball no local data for siginfo@https://registry.npmjs.org/siginfo/-/siginfo-2.0.0.tgz. Extracting by manifest.
487 silly tarball no local data for semver@https://registry.npmjs.org/semver/-/semver-6.3.1.tgz. Extracting by manifest.
488 silly tarball no local data for shebang-command@https://registry.npmjs.org/shebang-command/-/shebang-command-2.0.0.tgz. Extracting by manifest.
489 silly tarball no local data for saxes@https://registry.npmjs.org/saxes/-/saxes-6.0.0.tgz. Extracting by manifest.
490 silly tarball no local data for scheduler@https://registry.npmjs.org/scheduler/-/scheduler-0.27.0.tgz. Extracting by manifest.
491 silly tarball no local data for safer-buffer@https://registry.npmjs.org/safer-buffer/-/safer-buffer-2.1.2.tgz. Extracting by manifest.
492 silly tarball no local data for rrweb-cssom@https://registry.npmjs.org/rrweb-cssom/-/rrweb-cssom-0.8.0.tgz. Extracting by manifest.
493 silly tarball no local data for scroll-into-view-if-needed@https://registry.npmjs.org/scroll-into-view-if-needed/-/scroll-into-view-if-needed-3.1.0.tgz. Extracting by manifest.
494 silly tarball no local data for react-refresh@https://registry.npmjs.org/react-refresh/-/react-refresh-0.17.0.tgz. Extracting by manifest.
495 silly tarball no local data for require-from-string@https://registry.npmjs.org/require-from-string/-/require-from-string-2.0.2.tgz. Extracting by manifest.
496 silly tarball no local data for stackback@https://registry.npmjs.org/stackback/-/stackback-0.0.2.tgz. Extracting by manifest.
497 silly tarball no local data for rollup@https://registry.npmjs.org/rollup/-/rollup-4.62.4.tgz. Extracting by manifest.
498 silly tarball no local data for punycode@https://registry.npmjs.org/punycode/-/punycode-2.3.1.tgz. Extracting by manifest.
499 silly tarball no local data for react-dom@https://registry.npmjs.org/react-dom/-/react-dom-19.2.8.tgz. Extracting by manifest.
500 silly tarball no local data for react-is@https://registry.npmjs.org/react-is/-/react-is-17.0.2.tgz. Extracting by manifest.
501 silly tarball no local data for redent@https://registry.npmjs.org/redent/-/redent-3.0.0.tgz. Extracting by manifest.
502 silly tarball no local data for postcss@https://registry.npmjs.org/postcss/-/postcss-8.5.26.tgz. Extracting by manifest.
503 silly tarball no local data for react@https://registry.npmjs.org/react/-/react-19.2.8.tgz. Extracting by manifest.
504 silly tarball no local data for pretty-format@https://registry.npmjs.org/pretty-format/-/pretty-format-27.5.1.tgz. Extracting by manifest.
505 silly tarball no local data for prelude-ls@https://registry.npmjs.org/prelude-ls/-/prelude-ls-1.2.1.tgz. Extracting by manifest.
506 silly tarball no local data for playwright-core@https://registry.npmjs.org/playwright-core/-/playwright-core-1.62.1.tgz. Extracting by manifest.
507 silly tarball no local data for picocolors@https://registry.npmjs.org/picocolors/-/picocolors-1.1.1.tgz. Extracting by manifest.
508 silly tarball no local data for playwright@https://registry.npmjs.org/playwright/-/playwright-1.62.1.tgz. Extracting by manifest.
509 silly tarball no local data for pathval@https://registry.npmjs.org/pathval/-/pathval-2.0.1.tgz. Extracting by manifest.
510 silly tarball no local data for pathe@https://registry.npmjs.org/pathe/-/pathe-2.0.3.tgz. Extracting by manifest.
511 silly tarball no local data for picomatch@https://registry.npmjs.org/picomatch/-/picomatch-4.0.5.tgz. Extracting by manifest.
512 silly tarball no local data for parse5@https://registry.npmjs.org/parse5/-/parse5-7.3.0.tgz. Extracting by manifest.
513 silly tarball no local data for path-exists@https://registry.npmjs.org/path-exists/-/path-exists-4.0.0.tgz. Extracting by manifest.
514 silly tarball no local data for path-key@https://registry.npmjs.org/path-key/-/path-key-3.1.1.tgz. Extracting by manifest.
515 silly tarball no local data for optionator@https://registry.npmjs.org/optionator/-/optionator-0.9.4.tgz. Extracting by manifest.
516 silly tarball no local data for p-limit@https://registry.npmjs.org/p-limit/-/p-limit-3.1.0.tgz. Extracting by manifest.
517 silly tarball no local data for p-locate@https://registry.npmjs.org/p-locate/-/p-locate-5.0.0.tgz. Extracting by manifest.
518 silly tarball no local data for node-releases@https://registry.npmjs.org/node-releases/-/node-releases-2.0.53.tgz. Extracting by manifest.
519 silly tarball no local data for nanoid@https://registry.npmjs.org/nanoid/-/nanoid-3.3.18.tgz. Extracting by manifest.
520 silly tarball no local data for natural-compare@https://registry.npmjs.org/natural-compare/-/natural-compare-1.4.0.tgz. Extracting by manifest.
521 silly tarball no local data for ms@https://registry.npmjs.org/ms/-/ms-2.1.3.tgz. Extracting by manifest.
522 silly tarball no local data for nwsapi@https://registry.npmjs.org/nwsapi/-/nwsapi-2.2.24.tgz. Extracting by manifest.
523 silly tarball no local data for minimatch@https://registry.npmjs.org/minimatch/-/minimatch-10.2.6.tgz. Extracting by manifest.
524 silly tarball no local data for min-indent@https://registry.npmjs.org/min-indent/-/min-indent-1.0.1.tgz. Extracting by manifest.
525 silly tarball no local data for lz-string@https://registry.npmjs.org/lz-string/-/lz-string-1.5.0.tgz. Extracting by manifest.
526 silly tarball no local data for lru-cache@https://registry.npmjs.org/lru-cache/-/lru-cache-5.1.1.tgz. Extracting by manifest.
527 silly tarball no local data for loupe@https://registry.npmjs.org/loupe/-/loupe-3.2.1.tgz. Extracting by manifest.
528 silly tarball no local data for magic-string@https://registry.npmjs.org/magic-string/-/magic-string-0.30.21.tgz. Extracting by manifest.
529 silly tarball no local data for locate-path@https://registry.npmjs.org/locate-path/-/locate-path-6.0.0.tgz. Extracting by manifest.
530 silly tarball no local data for levn@https://registry.npmjs.org/levn/-/levn-0.4.1.tgz. Extracting by manifest.
531 silly tarball no local data for keyv@https://registry.npmjs.org/keyv/-/keyv-4.5.4.tgz. Extracting by manifest.
532 silly tarball no local data for json-stable-stringify-without-jsonify@https://registry.npmjs.org/json-stable-stringify-without-jsonify/-/json-stable-stringify-without-jsonify-1.0.1.tgz. Extracting by manifest.
533 silly tarball no local data for json-buffer@https://registry.npmjs.org/json-buffer/-/json-buffer-3.0.1.tgz. Extracting by manifest.
534 silly tarball no local data for json2mq@https://registry.npmjs.org/json2mq/-/json2mq-0.2.0.tgz. Extracting by manifest.
535 silly tarball no local data for jsesc@https://registry.npmjs.org/jsesc/-/jsesc-3.1.0.tgz. Extracting by manifest.
536 silly tarball no local data for js-tokens@https://registry.npmjs.org/js-tokens/-/js-tokens-9.0.1.tgz. Extracting by manifest.
537 silly tarball no local data for json5@https://registry.npmjs.org/json5/-/json5-2.2.3.tgz. Extracting by manifest.
538 silly tarball no local data for json-schema-traverse@https://registry.npmjs.org/json-schema-traverse/-/json-schema-traverse-1.0.0.tgz. Extracting by manifest.
539 silly tarball no local data for isexe@https://registry.npmjs.org/isexe/-/isexe-2.0.0.tgz. Extracting by manifest.
540 silly tarball no local data for is-potential-custom-element-name@https://registry.npmjs.org/is-potential-custom-element-name/-/is-potential-custom-element-name-1.0.1.tgz. Extracting by manifest.
541 silly tarball no local data for is-glob@https://registry.npmjs.org/is-glob/-/is-glob-4.0.3.tgz. Extracting by manifest.
542 silly tarball no local data for jsdom@https://registry.npmjs.org/jsdom/-/jsdom-26.1.0.tgz. Extracting by manifest.
543 silly tarball no local data for is-mobile@https://registry.npmjs.org/is-mobile/-/is-mobile-5.0.0.tgz. Extracting by manifest.
544 silly tarball no local data for is-extglob@https://registry.npmjs.org/is-extglob/-/is-extglob-2.1.1.tgz. Extracting by manifest.
545 silly tarball no local data for imurmurhash@https://registry.npmjs.org/imurmurhash/-/imurmurhash-0.1.4.tgz. Extracting by manifest.
546 silly tarball no local data for indent-string@https://registry.npmjs.org/indent-string/-/indent-string-4.0.0.tgz. Extracting by manifest.
547 silly tarball no local data for ignore@https://registry.npmjs.org/ignore/-/ignore-5.3.2.tgz. Extracting by manifest.
548 silly tarball no local data for iconv-lite@https://registry.npmjs.org/iconv-lite/-/iconv-lite-0.6.3.tgz. Extracting by manifest.
549 silly tarball no local data for https-proxy-agent@https://registry.npmjs.org/https-proxy-agent/-/https-proxy-agent-7.0.6.tgz. Extracting by manifest.
550 silly tarball no local data for http-proxy-agent@https://registry.npmjs.org/http-proxy-agent/-/http-proxy-agent-7.0.2.tgz. Extracting by manifest.
551 silly tarball no local data for html-encoding-sniffer@https://registry.npmjs.org/html-encoding-sniffer/-/html-encoding-sniffer-4.0.0.tgz. Extracting by manifest.
552 silly tarball no local data for hermes-parser@https://registry.npmjs.org/hermes-parser/-/hermes-parser-0.25.1.tgz. Extracting by manifest.
553 silly tarball no local data for hermes-estree@https://registry.npmjs.org/hermes-estree/-/hermes-estree-0.25.1.tgz. Extracting by manifest.
554 silly tarball no local data for glob-parent@https://registry.npmjs.org/glob-parent/-/glob-parent-6.0.2.tgz. Extracting by manifest.
555 silly tarball no local data for gensync@https://registry.npmjs.org/gensync/-/gensync-1.0.0-beta.2.tgz. Extracting by manifest.
556 silly tarball no local data for globals@https://registry.npmjs.org/globals/-/globals-17.11.0.tgz. Extracting by manifest.
557 silly tarball no local data for flatted@https://registry.npmjs.org/flatted/-/flatted-3.4.4.tgz. Extracting by manifest.
558 silly tarball no local data for flat-cache@https://registry.npmjs.org/flat-cache/-/flat-cache-4.0.1.tgz. Extracting by manifest.
559 silly tarball no local data for find-up@https://registry.npmjs.org/find-up/-/find-up-5.0.0.tgz. Extracting by manifest.
560 silly tarball no local data for fdir@https://registry.npmjs.org/fdir/-/fdir-6.5.0.tgz. Extracting by manifest.
561 silly tarball no local data for fast-uri@https://registry.npmjs.org/fast-uri/-/fast-uri-3.1.5.tgz. Extracting by manifest.
562 silly tarball no local data for file-entry-cache@https://registry.npmjs.org/file-entry-cache/-/file-entry-cache-8.0.0.tgz. Extracting by manifest.
563 silly tarball no local data for fast-json-stable-stringify@https://registry.npmjs.org/fast-json-stable-stringify/-/fast-json-stable-stringify-2.1.0.tgz. Extracting by manifest.
564 silly tarball no local data for fast-levenshtein@https://registry.npmjs.org/fast-levenshtein/-/fast-levenshtein-2.0.6.tgz. Extracting by manifest.
565 silly tarball no local data for expect-type@https://registry.npmjs.org/expect-type/-/expect-type-1.4.0.tgz. Extracting by manifest.
566 silly tarball no local data for fast-deep-equal@https://registry.npmjs.org/fast-deep-equal/-/fast-deep-equal-3.1.3.tgz. Extracting by manifest.
567 silly tarball no local data for esutils@https://registry.npmjs.org/esutils/-/esutils-2.0.3.tgz. Extracting by manifest.
568 silly tarball no local data for estree-walker@https://registry.npmjs.org/estree-walker/-/estree-walker-3.0.3.tgz. Extracting by manifest.
569 silly tarball no local data for esrecurse@https://registry.npmjs.org/esrecurse/-/esrecurse-4.3.0.tgz. Extracting by manifest.
570 silly tarball no local data for esquery@https://registry.npmjs.org/esquery/-/esquery-1.7.0.tgz. Extracting by manifest.
571 silly tarball no local data for eslint-visitor-keys@https://registry.npmjs.org/eslint-visitor-keys/-/eslint-visitor-keys-5.0.1.tgz. Extracting by manifest.
572 silly tarball no local data for estraverse@https://registry.npmjs.org/estraverse/-/estraverse-5.3.0.tgz. Extracting by manifest.
573 silly tarball no local data for eslint-plugin-react-refresh@https://registry.npmjs.org/eslint-plugin-react-refresh/-/eslint-plugin-react-refresh-0.5.4.tgz. Extracting by manifest.
574 silly tarball no local data for espree@https://registry.npmjs.org/espree/-/espree-11.2.0.tgz. Extracting by manifest.
575 silly tarball no local data for eslint-scope@https://registry.npmjs.org/eslint-scope/-/eslint-scope-9.1.2.tgz. Extracting by manifest.
576 silly tarball no local data for eslint@https://registry.npmjs.org/eslint/-/eslint-10.8.1.tgz. Extracting by manifest.
577 silly tarball no local data for escape-string-regexp@https://registry.npmjs.org/escape-string-regexp/-/escape-string-regexp-4.0.0.tgz. Extracting by manifest.
578 silly tarball no local data for entities@https://registry.npmjs.org/entities/-/entities-6.0.1.tgz. Extracting by manifest.
579 silly tarball no local data for esbuild@https://registry.npmjs.org/esbuild/-/esbuild-0.25.12.tgz. Extracting by manifest.
580 silly tarball no local data for eslint-plugin-react-hooks@https://registry.npmjs.org/eslint-plugin-react-hooks/-/eslint-plugin-react-hooks-7.1.1.tgz. Extracting by manifest.
581 silly tarball no local data for escalade@https://registry.npmjs.org/escalade/-/escalade-3.2.0.tgz. Extracting by manifest.
582 silly tarball no local data for dequal@https://registry.npmjs.org/dequal/-/dequal-2.0.3.tgz. Extracting by manifest.
583 silly tarball no local data for es-module-lexer@https://registry.npmjs.org/es-module-lexer/-/es-module-lexer-1.7.0.tgz. Extracting by manifest.
584 silly tarball no local data for deep-is@https://registry.npmjs.org/deep-is/-/deep-is-0.1.4.tgz. Extracting by manifest.
585 silly tarball no local data for electron-to-chromium@https://registry.npmjs.org/electron-to-chromium/-/electron-to-chromium-1.5.406.tgz. Extracting by manifest.
586 silly tarball no local data for deep-eql@https://registry.npmjs.org/deep-eql/-/deep-eql-5.0.2.tgz. Extracting by manifest.
587 silly tarball no local data for decimal.js@https://registry.npmjs.org/decimal.js/-/decimal.js-10.6.0.tgz. Extracting by manifest.
588 silly tarball no local data for dom-accessibility-api@https://registry.npmjs.org/dom-accessibility-api/-/dom-accessibility-api-0.5.16.tgz. Extracting by manifest.
589 silly tarball no local data for dayjs@https://registry.npmjs.org/dayjs/-/dayjs-1.11.21.tgz. Extracting by manifest.
590 silly tarball no local data for debug@https://registry.npmjs.org/debug/-/debug-4.4.3.tgz. Extracting by manifest.
591 silly tarball no local data for data-urls@https://registry.npmjs.org/data-urls/-/data-urls-5.0.0.tgz. Extracting by manifest.
592 silly tarball no local data for cssstyle@https://registry.npmjs.org/cssstyle/-/cssstyle-4.6.0.tgz. Extracting by manifest.
593 silly tarball no local data for css.escape@https://registry.npmjs.org/css.escape/-/css.escape-1.5.1.tgz. Extracting by manifest.
594 silly tarball no local data for csstype@https://registry.npmjs.org/csstype/-/csstype-3.2.3.tgz. Extracting by manifest.
595 silly tarball no local data for convert-source-map@https://registry.npmjs.org/convert-source-map/-/convert-source-map-2.0.0.tgz. Extracting by manifest.
596 silly tarball no local data for compute-scroll-into-view@https://registry.npmjs.org/compute-scroll-into-view/-/compute-scroll-into-view-3.1.1.tgz. Extracting by manifest.
597 silly tarball no local data for clsx@https://registry.npmjs.org/clsx/-/clsx-2.1.1.tgz. Extracting by manifest.
598 silly tarball no local data for check-error@https://registry.npmjs.org/check-error/-/check-error-2.1.3.tgz. Extracting by manifest.
599 silly tarball no local data for chai@https://registry.npmjs.org/chai/-/chai-5.3.3.tgz. Extracting by manifest.
600 silly tarball no local data for browserslist@https://registry.npmjs.org/browserslist/-/browserslist-4.28.8.tgz. Extracting by manifest.
601 silly tarball no local data for cross-spawn@https://registry.npmjs.org/cross-spawn/-/cross-spawn-7.0.6.tgz. Extracting by manifest.
602 silly tarball no local data for caniuse-lite@https://registry.npmjs.org/caniuse-lite/-/caniuse-lite-1.0.30001809.tgz. Extracting by manifest.
603 silly tarball no local data for cac@https://registry.npmjs.org/cac/-/cac-6.7.14.tgz. Extracting by manifest.
604 silly tarball no local data for balanced-match@https://registry.npmjs.org/balanced-match/-/balanced-match-4.0.4.tgz. Extracting by manifest.
605 silly tarball no local data for brace-expansion@https://registry.npmjs.org/brace-expansion/-/brace-expansion-5.0.9.tgz. Extracting by manifest.
606 silly tarball no local data for baseline-browser-mapping@https://registry.npmjs.org/baseline-browser-mapping/-/baseline-browser-mapping-2.11.14.tgz. Extracting by manifest.
607 silly tarball no local data for assertion-error@https://registry.npmjs.org/assertion-error/-/assertion-error-2.0.1.tgz. Extracting by manifest.
608 silly tarball no local data for aria-query@https://registry.npmjs.org/aria-query/-/aria-query-5.3.0.tgz. Extracting by manifest.
609 silly tarball no local data for antd@https://registry.npmjs.org/antd/-/antd-6.6.0.tgz. Extracting by manifest.
610 silly tarball no local data for ansi-styles@https://registry.npmjs.org/ansi-styles/-/ansi-styles-5.2.0.tgz. Extracting by manifest.
611 silly tarball no local data for ansi-regex@https://registry.npmjs.org/ansi-regex/-/ansi-regex-5.0.1.tgz. Extracting by manifest.
612 silly tarball no local data for ajv-formats@https://registry.npmjs.org/ajv-formats/-/ajv-formats-3.0.1.tgz. Extracting by manifest.
613 silly tarball no local data for ajv@https://registry.npmjs.org/ajv/-/ajv-8.20.0.tgz. Extracting by manifest.
614 silly tarball no local data for acorn-jsx@https://registry.npmjs.org/acorn-jsx/-/acorn-jsx-5.3.2.tgz. Extracting by manifest.
615 silly tarball no local data for agent-base@https://registry.npmjs.org/agent-base/-/agent-base-7.1.4.tgz. Extracting by manifest.
616 silly tarball no local data for acorn@https://registry.npmjs.org/acorn/-/acorn-8.18.0.tgz. Extracting by manifest.
617 silly tarball no local data for @vitest/utils@https://registry.npmjs.org/@vitest/utils/-/utils-3.2.7.tgz. Extracting by manifest.
618 silly tarball no local data for @vitest/snapshot@https://registry.npmjs.org/@vitest/snapshot/-/snapshot-3.2.7.tgz. Extracting by manifest.
619 silly tarball no local data for @vitest/spy@https://registry.npmjs.org/@vitest/spy/-/spy-3.2.7.tgz. Extracting by manifest.
620 silly tarball no local data for @vitest/runner@https://registry.npmjs.org/@vitest/runner/-/runner-3.2.7.tgz. Extracting by manifest.
621 silly tarball no local data for @vitest/pretty-format@https://registry.npmjs.org/@vitest/pretty-format/-/pretty-format-3.2.7.tgz. Extracting by manifest.
622 silly tarball no local data for @vitejs/plugin-react@https://registry.npmjs.org/@vitejs/plugin-react/-/plugin-react-4.7.0.tgz. Extracting by manifest.
623 silly tarball no local data for @vitest/expect@https://registry.npmjs.org/@vitest/expect/-/expect-3.2.7.tgz. Extracting by manifest.
624 silly tarball no local data for @typescript-eslint/utils@https://registry.npmjs.org/@typescript-eslint/utils/-/utils-8.67.0.tgz. Extracting by manifest.
625 silly tarball no local data for @vitest/mocker@https://registry.npmjs.org/@vitest/mocker/-/mocker-3.2.7.tgz. Extracting by manifest.
626 silly tarball no local data for @typescript-eslint/visitor-keys@https://registry.npmjs.org/@typescript-eslint/visitor-keys/-/visitor-keys-8.67.0.tgz. Extracting by manifest.
627 silly tarball no local data for @typescript-eslint/typescript-estree@https://registry.npmjs.org/@typescript-eslint/typescript-estree/-/typescript-estree-8.67.0.tgz. Extracting by manifest.
628 silly tarball no local data for @typescript-eslint/types@https://registry.npmjs.org/@typescript-eslint/types/-/types-8.67.0.tgz. Extracting by manifest.
629 silly tarball no local data for @typescript-eslint/type-utils@https://registry.npmjs.org/@typescript-eslint/type-utils/-/type-utils-8.67.0.tgz. Extracting by manifest.
630 silly tarball no local data for @types/react-dom@https://registry.npmjs.org/@types/react-dom/-/react-dom-19.2.4.tgz. Extracting by manifest.
631 silly tarball no local data for @types/react@https://registry.npmjs.org/@types/react/-/react-19.2.18.tgz. Extracting by manifest.
632 silly tarball no local data for @typescript-eslint/scope-manager@https://registry.npmjs.org/@typescript-eslint/scope-manager/-/scope-manager-8.67.0.tgz. Extracting by manifest.
633 silly tarball no local data for @typescript-eslint/tsconfig-utils@https://registry.npmjs.org/@typescript-eslint/tsconfig-utils/-/tsconfig-utils-8.67.0.tgz. Extracting by manifest.
634 silly tarball no local data for @typescript-eslint/project-service@https://registry.npmjs.org/@typescript-eslint/project-service/-/project-service-8.67.0.tgz. Extracting by manifest.
635 silly tarball no local data for @typescript-eslint/parser@https://registry.npmjs.org/@typescript-eslint/parser/-/parser-8.67.0.tgz. Extracting by manifest.
636 silly tarball no local data for @typescript-eslint/eslint-plugin@https://registry.npmjs.org/@typescript-eslint/eslint-plugin/-/eslint-plugin-8.67.0.tgz. Extracting by manifest.
637 silly tarball no local data for @types/json-schema@https://registry.npmjs.org/@types/json-schema/-/json-schema-7.0.15.tgz. Extracting by manifest.
638 silly tarball no local data for @types/node@https://registry.npmjs.org/@types/node/-/node-22.20.1.tgz. Extracting by manifest.
639 silly tarball no local data for @types/deep-eql@https://registry.npmjs.org/@types/deep-eql/-/deep-eql-4.0.2.tgz. Extracting by manifest.
640 silly tarball no local data for @types/estree@https://registry.npmjs.org/@types/estree/-/estree-1.0.9.tgz. Extracting by manifest.
641 silly tarball no local data for @types/chai@https://registry.npmjs.org/@types/chai/-/chai-5.2.3.tgz. Extracting by manifest.
642 silly tarball no local data for @types/esrecurse@https://registry.npmjs.org/@types/esrecurse/-/esrecurse-4.3.1.tgz. Extracting by manifest.
643 silly tarball no local data for @types/babel__template@https://registry.npmjs.org/@types/babel__template/-/babel__template-7.4.4.tgz. Extracting by manifest.
644 silly tarball no local data for @types/babel__traverse@https://registry.npmjs.org/@types/babel__traverse/-/babel__traverse-7.28.0.tgz. Extracting by manifest.
645 silly tarball no local data for @types/babel__generator@https://registry.npmjs.org/@types/babel__generator/-/babel__generator-7.27.0.tgz. Extracting by manifest.
646 silly tarball no local data for @types/babel__core@https://registry.npmjs.org/@types/babel__core/-/babel__core-7.20.5.tgz. Extracting by manifest.
647 silly tarball no local data for @types/aria-query@https://registry.npmjs.org/@types/aria-query/-/aria-query-5.0.4.tgz. Extracting by manifest.
648 silly tarball no local data for @rolldown/pluginutils@https://registry.npmjs.org/@rolldown/pluginutils/-/pluginutils-1.0.0-beta.27.tgz. Extracting by manifest.
649 silly tarball no local data for @testing-library/react@https://registry.npmjs.org/@testing-library/react/-/react-16.3.2.tgz. Extracting by manifest.
650 silly tarball no local data for @rollup/rollup-win32-x64-msvc@https://registry.npmjs.org/@rollup/rollup-win32-x64-msvc/-/rollup-win32-x64-msvc-4.62.4.tgz. Extracting by manifest.
651 silly tarball no local data for @rollup/rollup-win32-x64-gnu@https://registry.npmjs.org/@rollup/rollup-win32-x64-gnu/-/rollup-win32-x64-gnu-4.62.4.tgz. Extracting by manifest.
652 silly tarball no local data for @testing-library/jest-dom@https://registry.npmjs.org/@testing-library/jest-dom/-/jest-dom-6.9.1.tgz. Extracting by manifest.
653 silly tarball no local data for @testing-library/dom@https://registry.npmjs.org/@testing-library/dom/-/dom-10.4.1.tgz. Extracting by manifest.
654 silly tarball no local data for @rc-component/util@https://registry.npmjs.org/@rc-component/util/-/util-1.12.0.tgz. Extracting by manifest.
655 silly tarball no local data for @rc-component/virtual-list@https://registry.npmjs.org/@rc-component/virtual-list/-/virtual-list-1.5.1.tgz. Extracting by manifest.
656 silly tarball no local data for @rc-component/upload@https://registry.npmjs.org/@rc-component/upload/-/upload-1.1.1.tgz. Extracting by manifest.
657 silly tarball no local data for @rc-component/trigger@https://registry.npmjs.org/@rc-component/trigger/-/trigger-3.10.1.tgz. Extracting by manifest.
658 silly tarball no local data for @rc-component/tree-select@https://registry.npmjs.org/@rc-component/tree-select/-/tree-select-1.16.1.tgz. Extracting by manifest.
659 silly tarball no local data for @rc-component/tree@https://registry.npmjs.org/@rc-component/tree/-/tree-1.4.0.tgz. Extracting by manifest.
660 silly tarball no local data for @rc-component/tour@https://registry.npmjs.org/@rc-component/tour/-/tour-2.4.0.tgz. Extracting by manifest.
661 silly tarball no local data for @rc-component/tabs@https://registry.npmjs.org/@rc-component/tabs/-/tabs-1.12.0.tgz. Extracting by manifest.
662 silly tarball no local data for @rc-component/tooltip@https://registry.npmjs.org/@rc-component/tooltip/-/tooltip-1.5.0.tgz. Extracting by manifest.
663 silly tarball no local data for @rc-component/table@https://registry.npmjs.org/@rc-component/table/-/table-1.11.1.tgz. Extracting by manifest.
664 silly tarball no local data for @rc-component/slider@https://registry.npmjs.org/@rc-component/slider/-/slider-1.1.1.tgz. Extracting by manifest.
665 silly tarball no local data for @rc-component/switch@https://registry.npmjs.org/@rc-component/switch/-/switch-1.0.3.tgz. Extracting by manifest.
666 silly tarball no local data for @rc-component/steps@https://registry.npmjs.org/@rc-component/steps/-/steps-1.2.2.tgz. Extracting by manifest.
667 silly tarball no local data for @rc-component/segmented@https://registry.npmjs.org/@rc-component/segmented/-/segmented-1.3.0.tgz. Extracting by manifest.
668 silly tarball no local data for @rc-component/select@https://registry.npmjs.org/@rc-component/select/-/select-1.10.1.tgz. Extracting by manifest.
669 silly tarball no local data for @rc-component/resize-observer@https://registry.npmjs.org/@rc-component/resize-observer/-/resize-observer-1.1.2.tgz. Extracting by manifest.
670 silly tarball no local data for @rc-component/rate@https://registry.npmjs.org/@rc-component/rate/-/rate-1.0.1.tgz. Extracting by manifest.
671 silly tarball no local data for @rc-component/qrcode@https://registry.npmjs.org/@rc-component/qrcode/-/qrcode-2.0.0.tgz. Extracting by manifest.
672 silly tarball no local data for @rc-component/progress@https://registry.npmjs.org/@rc-component/progress/-/progress-1.0.2.tgz. Extracting by manifest.
673 silly tarball no local data for @rc-component/portal@https://registry.npmjs.org/@rc-component/portal/-/portal-2.2.1.tgz. Extracting by manifest.
674 silly tarball no local data for @rc-component/picker@https://registry.npmjs.org/@rc-component/picker/-/picker-1.12.0.tgz. Extracting by manifest.
675 silly tarball no local data for @rc-component/overflow@https://registry.npmjs.org/@rc-component/overflow/-/overflow-1.0.1.tgz. Extracting by manifest.
676 silly tarball no local data for @rc-component/notification@https://registry.npmjs.org/@rc-component/notification/-/notification-2.0.7.tgz. Extracting by manifest.
677 silly tarball no local data for @rc-component/mutate-observer@https://registry.npmjs.org/@rc-component/mutate-observer/-/mutate-observer-2.0.1.tgz. Extracting by manifest.
678 silly tarball no local data for @rc-component/motion@https://registry.npmjs.org/@rc-component/motion/-/motion-1.3.3.tgz. Extracting by manifest.
679 silly tarball no local data for @rc-component/mini-decimal@https://registry.npmjs.org/@rc-component/mini-decimal/-/mini-decimal-1.1.4.tgz. Extracting by manifest.
680 silly tarball no local data for @rc-component/mentions@https://registry.npmjs.org/@rc-component/mentions/-/mentions-1.11.0.tgz. Extracting by manifest.
681 silly tarball no local data for @rc-component/menu@https://registry.npmjs.org/@rc-component/menu/-/menu-1.4.1.tgz. Extracting by manifest.
682 silly tarball no local data for @rc-component/listy@https://registry.npmjs.org/@rc-component/listy/-/listy-1.2.3.tgz. Extracting by manifest.
683 silly tarball no local data for @rc-component/input@https://registry.npmjs.org/@rc-component/input/-/input-1.3.1.tgz. Extracting by manifest.
684 silly tarball no local data for @rc-component/input-number@https://registry.npmjs.org/@rc-component/input-number/-/input-number-1.6.2.tgz. Extracting by manifest.
685 silly tarball no local data for @rc-component/image@https://registry.npmjs.org/@rc-component/image/-/image-1.10.0.tgz. Extracting by manifest.
686 silly tarball no local data for @rc-component/form@https://registry.npmjs.org/@rc-component/form/-/form-1.8.6.tgz. Extracting by manifest.
687 silly tarball no local data for @rc-component/dropdown@https://registry.npmjs.org/@rc-component/dropdown/-/dropdown-1.0.3.tgz. Extracting by manifest.
688 silly tarball no local data for @rc-component/pagination@https://registry.npmjs.org/@rc-component/pagination/-/pagination-1.4.0.tgz. Extracting by manifest.
689 silly tarball no local data for @rc-component/drawer@https://registry.npmjs.org/@rc-component/drawer/-/drawer-1.4.2.tgz. Extracting by manifest.
690 silly tarball no local data for @rc-component/dialog@https://registry.npmjs.org/@rc-component/dialog/-/dialog-1.10.0.tgz. Extracting by manifest.
691 silly tarball no local data for @rc-component/context@https://registry.npmjs.org/@rc-component/context/-/context-2.0.2.tgz. Extracting by manifest.
692 silly tarball no local data for @rc-component/color-picker@https://registry.npmjs.org/@rc-component/color-picker/-/color-picker-3.1.1.tgz. Extracting by manifest.
693 silly tarball no local data for @rc-component/collapse@https://registry.npmjs.org/@rc-component/collapse/-/collapse-1.2.0.tgz. Extracting by manifest.
694 silly tarball no local data for @rc-component/checkbox@https://registry.npmjs.org/@rc-component/checkbox/-/checkbox-2.0.0.tgz. Extracting by manifest.
695 silly tarball no local data for @rc-component/cascader@https://registry.npmjs.org/@rc-component/cascader/-/cascader-1.22.0.tgz. Extracting by manifest.
696 silly tarball no local data for @rc-component/async-validator@https://registry.npmjs.org/@rc-component/async-validator/-/async-validator-6.0.0.tgz. Extracting by manifest.
697 silly tarball no local data for @playwright/test@https://registry.npmjs.org/@playwright/test/-/test-1.62.1.tgz. Extracting by manifest.
698 silly tarball no local data for @jridgewell/trace-mapping@https://registry.npmjs.org/@jridgewell/trace-mapping/-/trace-mapping-0.3.31.tgz. Extracting by manifest.
699 silly tarball no local data for @jridgewell/sourcemap-codec@https://registry.npmjs.org/@jridgewell/sourcemap-codec/-/sourcemap-codec-1.5.5.tgz. Extracting by manifest.
700 silly tarball no local data for @jridgewell/resolve-uri@https://registry.npmjs.org/@jridgewell/resolve-uri/-/resolve-uri-3.1.2.tgz. Extracting by manifest.
701 silly tarball no local data for @jridgewell/remapping@https://registry.npmjs.org/@jridgewell/remapping/-/remapping-2.3.5.tgz. Extracting by manifest.
702 silly tarball no local data for @jridgewell/gen-mapping@https://registry.npmjs.org/@jridgewell/gen-mapping/-/gen-mapping-0.3.13.tgz. Extracting by manifest.
703 silly tarball no local data for @humanwhocodes/retry@https://registry.npmjs.org/@humanwhocodes/retry/-/retry-0.4.3.tgz. Extracting by manifest.
704 silly tarball no local data for @humanwhocodes/module-importer@https://registry.npmjs.org/@humanwhocodes/module-importer/-/module-importer-1.0.1.tgz. Extracting by manifest.
705 silly tarball no local data for @humanfs/node@https://registry.npmjs.org/@humanfs/node/-/node-0.16.8.tgz. Extracting by manifest.
706 silly tarball no local data for @humanfs/types@https://registry.npmjs.org/@humanfs/types/-/types-0.15.0.tgz. Extracting by manifest.
707 silly tarball no local data for @fontsource/noto-sans-sc@https://registry.npmjs.org/@fontsource/noto-sans-sc/-/noto-sans-sc-5.3.0.tgz. Extracting by manifest.
708 silly tarball no local data for @humanfs/core@https://registry.npmjs.org/@humanfs/core/-/core-0.19.2.tgz. Extracting by manifest.
709 silly tarball no local data for @eslint/core@https://registry.npmjs.org/@eslint/core/-/core-1.2.1.tgz. Extracting by manifest.
710 silly tarball no local data for @eslint/object-schema@https://registry.npmjs.org/@eslint/object-schema/-/object-schema-3.0.5.tgz. Extracting by manifest.
711 silly tarball no local data for @eslint/js@https://registry.npmjs.org/@eslint/js/-/js-10.0.1.tgz. Extracting by manifest.
712 silly tarball no local data for @eslint/plugin-kit@https://registry.npmjs.org/@eslint/plugin-kit/-/plugin-kit-0.7.2.tgz. Extracting by manifest.
713 silly tarball no local data for @eslint/config-array@https://registry.npmjs.org/@eslint/config-array/-/config-array-0.23.5.tgz. Extracting by manifest.
714 silly tarball no local data for @esbuild/win32-x64@https://registry.npmjs.org/@esbuild/win32-x64/-/win32-x64-0.25.12.tgz. Extracting by manifest.
715 silly tarball no local data for @eslint/config-helpers@https://registry.npmjs.org/@eslint/config-helpers/-/config-helpers-0.7.0.tgz. Extracting by manifest.
716 silly tarball no local data for @csstools/css-tokenizer@https://registry.npmjs.org/@csstools/css-tokenizer/-/css-tokenizer-3.0.4.tgz. Extracting by manifest.
717 silly tarball no local data for @emotion/hash@https://registry.npmjs.org/@emotion/hash/-/hash-0.8.0.tgz. Extracting by manifest.
718 silly tarball no local data for @eslint-community/eslint-utils@https://registry.npmjs.org/@eslint-community/eslint-utils/-/eslint-utils-4.10.1.tgz. Extracting by manifest.
719 silly tarball no local data for @eslint-community/regexpp@https://registry.npmjs.org/@eslint-community/regexpp/-/regexpp-4.12.2.tgz. Extracting by manifest.
720 silly tarball no local data for @emotion/unitless@https://registry.npmjs.org/@emotion/unitless/-/unitless-0.7.5.tgz. Extracting by manifest.
721 silly tarball no local data for @csstools/css-parser-algorithms@https://registry.npmjs.org/@csstools/css-parser-algorithms/-/css-parser-algorithms-3.0.5.tgz. Extracting by manifest.
722 silly tarball no local data for @babel/types@https://registry.npmjs.org/@babel/types/-/types-7.29.8.tgz. Extracting by manifest.
723 silly tarball no local data for @babel/template@https://registry.npmjs.org/@babel/template/-/template-7.29.7.tgz. Extracting by manifest.
724 silly tarball no local data for @babel/traverse@https://registry.npmjs.org/@babel/traverse/-/traverse-7.29.8.tgz. Extracting by manifest.
725 silly tarball no local data for @babel/runtime@https://registry.npmjs.org/@babel/runtime/-/runtime-7.29.7.tgz. Extracting by manifest.
726 silly tarball no local data for @csstools/css-color-parser@https://registry.npmjs.org/@csstools/css-color-parser/-/css-color-parser-3.1.0.tgz. Extracting by manifest.
727 silly tarball no local data for @babel/plugin-transform-react-jsx-source@https://registry.npmjs.org/@babel/plugin-transform-react-jsx-source/-/plugin-transform-react-jsx-source-7.29.7.tgz. Extracting by manifest.
728 silly tarball no local data for @csstools/color-helpers@https://registry.npmjs.org/@csstools/color-helpers/-/color-helpers-5.1.0.tgz. Extracting by manifest.
729 silly tarball no local data for @csstools/css-calc@https://registry.npmjs.org/@csstools/css-calc/-/css-calc-2.1.4.tgz. Extracting by manifest.
730 silly tarball no local data for @babel/plugin-transform-react-jsx-self@https://registry.npmjs.org/@babel/plugin-transform-react-jsx-self/-/plugin-transform-react-jsx-self-7.29.7.tgz. Extracting by manifest.
731 silly tarball no local data for @babel/parser@https://registry.npmjs.org/@babel/parser/-/parser-7.29.8.tgz. Extracting by manifest.
732 silly tarball no local data for @babel/helpers@https://registry.npmjs.org/@babel/helpers/-/helpers-7.29.7.tgz. Extracting by manifest.
733 silly tarball no local data for @babel/helper-validator-option@https://registry.npmjs.org/@babel/helper-validator-option/-/helper-validator-option-7.29.7.tgz. Extracting by manifest.
734 silly tarball no local data for @babel/helper-validator-identifier@https://registry.npmjs.org/@babel/helper-validator-identifier/-/helper-validator-identifier-7.29.7.tgz. Extracting by manifest.
735 silly tarball no local data for @babel/helper-string-parser@https://registry.npmjs.org/@babel/helper-string-parser/-/helper-string-parser-7.29.7.tgz. Extracting by manifest.
736 silly tarball no local data for @babel/helper-plugin-utils@https://registry.npmjs.org/@babel/helper-plugin-utils/-/helper-plugin-utils-7.29.7.tgz. Extracting by manifest.
737 silly tarball no local data for @babel/helper-module-imports@https://registry.npmjs.org/@babel/helper-module-imports/-/helper-module-imports-7.29.7.tgz. Extracting by manifest.
738 silly tarball no local data for @babel/helper-module-transforms@https://registry.npmjs.org/@babel/helper-module-transforms/-/helper-module-transforms-7.29.7.tgz. Extracting by manifest.
739 silly tarball no local data for @babel/helper-globals@https://registry.npmjs.org/@babel/helper-globals/-/helper-globals-7.29.7.tgz. Extracting by manifest.
740 silly tarball no local data for @babel/helper-compilation-targets@https://registry.npmjs.org/@babel/helper-compilation-targets/-/helper-compilation-targets-7.29.7.tgz. Extracting by manifest.
741 silly tarball no local data for @babel/generator@https://registry.npmjs.org/@babel/generator/-/generator-7.29.8.tgz. Extracting by manifest.
742 silly tarball no local data for @babel/core@https://registry.npmjs.org/@babel/core/-/core-7.29.7.tgz. Extracting by manifest.
743 silly tarball no local data for @asamuzakjp/css-color@https://registry.npmjs.org/@asamuzakjp/css-color/-/css-color-3.2.0.tgz. Extracting by manifest.
744 silly tarball no local data for @babel/compat-data@https://registry.npmjs.org/@babel/compat-data/-/compat-data-7.29.7.tgz. Extracting by manifest.
745 silly tarball no local data for @ant-design/react-slick@https://registry.npmjs.org/@ant-design/react-slick/-/react-slick-2.0.0.tgz. Extracting by manifest.
746 silly tarball no local data for @babel/code-frame@https://registry.npmjs.org/@babel/code-frame/-/code-frame-7.29.7.tgz. Extracting by manifest.
747 silly tarball no local data for @ant-design/fast-color@https://registry.npmjs.org/@ant-design/fast-color/-/fast-color-3.0.1.tgz. Extracting by manifest.
748 silly tarball no local data for @ant-design/icons-svg@https://registry.npmjs.org/@ant-design/icons-svg/-/icons-svg-4.5.0.tgz. Extracting by manifest.
749 silly tarball no local data for @ant-design/icons@https://registry.npmjs.org/@ant-design/icons/-/icons-6.3.2.tgz. Extracting by manifest.
750 silly tarball no local data for @ant-design/cssinjs-utils@https://registry.npmjs.org/@ant-design/cssinjs-utils/-/cssinjs-utils-2.1.2.tgz. Extracting by manifest.
751 silly tarball no local data for @adobe/css-tools@https://registry.npmjs.org/@adobe/css-tools/-/css-tools-4.5.0.tgz. Extracting by manifest.
752 silly tarball no local data for @ant-design/colors@https://registry.npmjs.org/@ant-design/colors/-/colors-8.0.1.tgz. Extracting by manifest.
753 silly tarball no local data for @ant-design/cssinjs@https://registry.npmjs.org/@ant-design/cssinjs/-/cssinjs-2.1.2.tgz. Extracting by manifest.
754 silly tarball no local data for ajv@https://registry.npmjs.org/ajv/-/ajv-6.15.0.tgz. Extracting by manifest.
755 silly tarball no local data for json-schema-traverse@https://registry.npmjs.org/json-schema-traverse/-/json-schema-traverse-0.4.1.tgz. Extracting by manifest.
756 silly tarball no local data for @babel/runtime@https://registry.npmjs.org/@babel/runtime/-/runtime-8.0.0.tgz. Extracting by manifest.
757 silly tarball no local data for semver@https://registry.npmjs.org/semver/-/semver-7.8.5.tgz. Extracting by manifest.
758 silly tarball no local data for ignore@https://registry.npmjs.org/ignore/-/ignore-7.0.6.tgz. Extracting by manifest.
759 silly tarball no local data for dom-accessibility-api@https://registry.npmjs.org/dom-accessibility-api/-/dom-accessibility-api-0.6.3.tgz. Extracting by manifest.
760 silly tarball no local data for react-is@https://registry.npmjs.org/react-is/-/react-is-19.2.8.tgz. Extracting by manifest.
761 silly tarball no local data for lru-cache@https://registry.npmjs.org/lru-cache/-/lru-cache-10.4.3.tgz. Extracting by manifest.
762 silly tarball no local data for js-tokens@https://registry.npmjs.org/js-tokens/-/js-tokens-4.0.0.tgz. Extracting by manifest.
763 silly tarball no local data for eslint-visitor-keys@https://registry.npmjs.org/eslint-visitor-keys/-/eslint-visitor-keys-3.4.3.tgz. Extracting by manifest.
764 verbose reify failed optional dependency C:\Users\Levi\Desktop\maple\ui\node_modules\@rollup\rollup-win32-x64-msvc
765 silly reify mark deleted [
765 silly reify   'C:\\Users\\Levi\\Desktop\\maple\\ui\\node_modules\\@rollup\\rollup-win32-x64-msvc'
765 silly reify ]
766 verbose reify failed optional dependency C:\Users\Levi\Desktop\maple\ui\node_modules\@rollup\rollup-win32-x64-gnu
767 silly reify mark deleted [
767 silly reify   'C:\\Users\\Levi\\Desktop\\maple\\ui\\node_modules\\@rollup\\rollup-win32-x64-gnu'
767 silly reify ]
768 verbose reify failed optional dependency C:\Users\Levi\Desktop\maple\ui\node_modules\@esbuild\win32-x64
769 silly reify mark deleted [
769 silly reify   'C:\\Users\\Levi\\Desktop\\maple\\ui\\node_modules\\@esbuild\\win32-x64'
769 silly reify ]
770 warn cleanup Failed to remove some directories [
770 warn cleanup   [
770 warn cleanup     '\\\\?\\C:\\Users\\Levi\\Desktop\\maple\\ui\\node_modules\\@rc-component',
770 warn cleanup     [Error: EPERM: operation not permitted, rmdir 'C:\Users\Levi\Desktop\maple\ui\node_modules\@rc-component\virtual-list\node_modules'] {
770 warn cleanup       errno: -4048,
770 warn cleanup       code: 'EPERM',
770 warn cleanup       syscall: 'rmdir',
770 warn cleanup       path: 'C:\\Users\\Levi\\Desktop\\maple\\ui\\node_modules\\@rc-component\\virtual-list\\node_modules'
770 warn cleanup     }
770 warn cleanup   ]
770 warn cleanup ]
771 verbose stack Error: request to https://registry.npmjs.org/zustand/-/zustand-5.0.15.tgz failed: cache mode is 'only-if-cached' but no cached response is available.
771 verbose stack     at cacheFetch (D:\nvm\v22.20.0\node_modules\npm\node_modules\make-fetch-happen\lib\cache\index.js:12:13)
771 verbose stack     at async fetch (D:\nvm\v22.20.0\node_modules\npm\node_modules\make-fetch-happen\lib\fetch.js:98:7)
772 error code ENOTCACHED
773 error request to https://registry.npmjs.org/zustand/-/zustand-5.0.15.tgz failed: cache mode is 'only-if-cached' but no cached response is available.
774 silly unfinished npm timer reify 1786813741921
775 silly unfinished npm timer reify:unpack 1786813742040
776 silly unfinished npm timer reifyNode:node_modules/zustand 1786813742040
777 silly unfinished npm timer reifyNode:node_modules/zod-validation-error 1786813742041
778 silly unfinished npm timer reifyNode:node_modules/zod 1786813742041
779 silly unfinished npm timer reifyNode:node_modules/yocto-queue 1786813742041
780 silly unfinished npm timer reifyNode:node_modules/yallist 1786813742041
781 silly unfinished npm timer reifyNode:node_modules/xmlchars 1786813742041
782 silly unfinished npm timer reifyNode:node_modules/xml-name-validator 1786813742041
783 silly unfinished npm timer reifyNode:node_modules/ws 1786813742041
784 silly unfinished npm timer reifyNode:node_modules/word-wrap 1786813742041
785 silly unfinished npm timer reifyNode:node_modules/why-is-node-running 1786813742041
786 silly unfinished npm timer reifyNode:node_modules/which 1786813742041
787 silly unfinished npm timer reifyNode:node_modules/whatwg-url 1786813742041
788 silly unfinished npm timer reifyNode:node_modules/whatwg-mimetype 1786813742041
789 silly unfinished npm timer reifyNode:node_modules/whatwg-encoding 1786813742041
790 silly unfinished npm timer reifyNode:node_modules/webidl-conversions 1786813742041
791 silly unfinished npm timer reifyNode:node_modules/w3c-xmlserializer 1786813742041
792 silly unfinished npm timer reifyNode:node_modules/vitest 1786813742041
793 silly unfinished npm timer reifyNode:node_modules/vite-node 1786813742041
794 silly unfinished npm timer reifyNode:node_modules/vite 1786813742041
795 silly unfinished npm timer reifyNode:node_modules/uri-js 1786813742041
796 silly unfinished npm timer reifyNode:node_modules/update-browserslist-db 1786813742041
797 silly unfinished npm timer reifyNode:node_modules/undici-types 1786813742041
798 silly unfinished npm timer reifyNode:node_modules/typescript-eslint 1786813742041
799 silly unfinished npm timer reifyNode:node_modules/typescript 1786813742041
800 silly unfinished npm timer reifyNode:node_modules/type-check 1786813742041
801 silly unfinished npm timer reifyNode:node_modules/ts-api-utils 1786813742041
802 silly unfinished npm timer reifyNode:node_modules/tr46 1786813742041
803 silly unfinished npm timer reifyNode:node_modules/tough-cookie 1786813742041
804 silly unfinished npm timer reifyNode:node_modules/tldts-core 1786813742041
805 silly unfinished npm timer reifyNode:node_modules/tldts 1786813742041
806 silly unfinished npm timer reifyNode:node_modules/tinyspy 1786813742041
807 silly unfinished npm timer reifyNode:node_modules/tinyrainbow 1786813742041
808 silly unfinished npm timer reifyNode:node_modules/tinypool 1786813742041
809 silly unfinished npm timer reifyNode:node_modules/tinyglobby 1786813742041
810 silly unfinished npm timer reifyNode:node_modules/tinyexec 1786813742041
811 silly unfinished npm timer reifyNode:node_modules/tinybench 1786813742041
812 silly unfinished npm timer reifyNode:node_modules/throttle-debounce 1786813742041
813 silly unfinished npm timer reifyNode:node_modules/symbol-tree 1786813742041
814 silly unfinished npm timer reifyNode:node_modules/stylis 1786813742041
815 silly unfinished npm timer reifyNode:node_modules/strip-literal 1786813742041
816 silly unfinished npm timer reifyNode:node_modules/strip-indent 1786813742041
817 silly unfinished npm timer reifyNode:node_modules/string-convert 1786813742041
818 silly unfinished npm timer reifyNode:node_modules/std-env 1786813742041
819 silly unfinished npm timer reifyNode:node_modules/stackback 1786813742041
820 silly unfinished npm timer reifyNode:node_modules/source-map-js 1786813742041
821 silly unfinished npm timer reifyNode:node_modules/siginfo 1786813742041
822 silly unfinished npm timer reifyNode:node_modules/shebang-regex 1786813742041
823 silly unfinished npm timer reifyNode:node_modules/shebang-command 1786813742041
824 silly unfinished npm timer reifyNode:node_modules/semver 1786813742041
825 silly unfinished npm timer reifyNode:node_modules/scroll-into-view-if-needed 1786813742041
826 silly unfinished npm timer reifyNode:node_modules/scheduler 1786813742041
827 silly unfinished npm timer reifyNode:node_modules/saxes 1786813742041
828 silly unfinished npm timer reifyNode:node_modules/safer-buffer 1786813742041
829 silly unfinished npm timer reifyNode:node_modules/rrweb-cssom 1786813742041
830 silly unfinished npm timer reifyNode:node_modules/rollup 1786813742041
831 silly unfinished npm timer reifyNode:node_modules/require-from-string 1786813742041
832 silly unfinished npm timer reifyNode:node_modules/redent 1786813742041
833 silly unfinished npm timer reifyNode:node_modules/react-refresh 1786813742041
834 silly unfinished npm timer reifyNode:node_modules/react-is 1786813742041
835 silly unfinished npm timer reifyNode:node_modules/react-dom 1786813742041
836 silly unfinished npm timer reifyNode:node_modules/react 1786813742041
837 silly unfinished npm timer reifyNode:node_modules/punycode 1786813742041
838 silly unfinished npm timer reifyNode:node_modules/pretty-format 1786813742041
839 silly unfinished npm timer reifyNode:node_modules/prelude-ls 1786813742041
840 silly unfinished npm timer reifyNode:node_modules/postcss 1786813742041
841 silly unfinished npm timer reifyNode:node_modules/playwright-core 1786813742041
842 silly unfinished npm timer reifyNode:node_modules/playwright 1786813742041
843 silly unfinished npm timer reifyNode:node_modules/picomatch 1786813742041
844 silly unfinished npm timer reifyNode:node_modules/picocolors 1786813742041
845 silly unfinished npm timer reifyNode:node_modules/pathval 1786813742041
846 silly unfinished npm timer reifyNode:node_modules/pathe 1786813742041
847 silly unfinished npm timer reifyNode:node_modules/path-key 1786813742041
848 silly unfinished npm timer reifyNode:node_modules/path-exists 1786813742041
849 silly unfinished npm timer reifyNode:node_modules/parse5 1786813742041
850 silly unfinished npm timer reifyNode:node_modules/p-locate 1786813742041
851 silly unfinished npm timer reifyNode:node_modules/p-limit 1786813742041
852 silly unfinished npm timer reifyNode:node_modules/optionator 1786813742041
853 silly unfinished npm timer reifyNode:node_modules/nwsapi 1786813742041
854 silly unfinished npm timer reifyNode:node_modules/node-releases 1786813742041
855 silly unfinished npm timer reifyNode:node_modules/natural-compare 1786813742041
856 silly unfinished npm timer reifyNode:node_modules/nanoid 1786813742041
857 silly unfinished npm timer reifyNode:node_modules/ms 1786813742041
858 silly unfinished npm timer reifyNode:node_modules/minimatch 1786813742041
859 silly unfinished npm timer reifyNode:node_modules/min-indent 1786813742041
860 silly unfinished npm timer reifyNode:node_modules/magic-string 1786813742041
861 silly unfinished npm timer reifyNode:node_modules/lz-string 1786813742041
862 silly unfinished npm timer reifyNode:node_modules/lru-cache 1786813742041
863 silly unfinished npm timer reifyNode:node_modules/loupe 1786813742041
864 silly unfinished npm timer reifyNode:node_modules/locate-path 1786813742041
865 silly unfinished npm timer reifyNode:node_modules/levn 1786813742041
866 silly unfinished npm timer reifyNode:node_modules/keyv 1786813742041
867 silly unfinished npm timer reifyNode:node_modules/json5 1786813742041
868 silly unfinished npm timer reifyNode:node_modules/json2mq 1786813742041
869 silly unfinished npm timer reifyNode:node_modules/json-stable-stringify-without-jsonify 1786813742041
870 silly unfinished npm timer reifyNode:node_modules/json-schema-traverse 1786813742041
871 silly unfinished npm timer reifyNode:node_modules/json-buffer 1786813742041
872 silly unfinished npm timer reifyNode:node_modules/jsesc 1786813742041
873 silly unfinished npm timer reifyNode:node_modules/jsdom 1786813742041
874 silly unfinished npm timer reifyNode:node_modules/js-tokens 1786813742041
875 silly unfinished npm timer reifyNode:node_modules/isexe 1786813742041
876 silly unfinished npm timer reifyNode:node_modules/is-potential-custom-element-name 1786813742041
877 silly unfinished npm timer reifyNode:node_modules/is-mobile 1786813742041
878 silly unfinished npm timer reifyNode:node_modules/is-glob 1786813742041
879 silly unfinished npm timer reifyNode:node_modules/is-extglob 1786813742041
880 silly unfinished npm timer reifyNode:node_modules/indent-string 1786813742041
881 silly unfinished npm timer reifyNode:node_modules/imurmurhash 1786813742041
882 silly unfinished npm timer reifyNode:node_modules/ignore 1786813742041
883 silly unfinished npm timer reifyNode:node_modules/iconv-lite 1786813742041
884 silly unfinished npm timer reifyNode:node_modules/https-proxy-agent 1786813742041
885 silly unfinished npm timer reifyNode:node_modules/http-proxy-agent 1786813742041
886 silly unfinished npm timer reifyNode:node_modules/html-encoding-sniffer 1786813742041
887 silly unfinished npm timer reifyNode:node_modules/hermes-parser 1786813742041
888 silly unfinished npm timer reifyNode:node_modules/hermes-estree 1786813742041
889 silly unfinished npm timer reifyNode:node_modules/globals 1786813742041
890 silly unfinished npm timer reifyNode:node_modules/glob-parent 1786813742041
891 silly unfinished npm timer reifyNode:node_modules/gensync 1786813742041
892 silly unfinished npm timer reifyNode:node_modules/flatted 1786813742041
893 silly unfinished npm timer reifyNode:node_modules/flat-cache 1786813742041
894 silly unfinished npm timer reifyNode:node_modules/find-up 1786813742041
895 silly unfinished npm timer reifyNode:node_modules/file-entry-cache 1786813742041
896 silly unfinished npm timer reifyNode:node_modules/fdir 1786813742041
897 silly unfinished npm timer reifyNode:node_modules/fast-uri 1786813742041
898 silly unfinished npm timer reifyNode:node_modules/fast-levenshtein 1786813742041
899 silly unfinished npm timer reifyNode:node_modules/fast-json-stable-stringify 1786813742041
900 silly unfinished npm timer reifyNode:node_modules/fast-deep-equal 1786813742041
901 silly unfinished npm timer reifyNode:node_modules/expect-type 1786813742041
902 silly unfinished npm timer reifyNode:node_modules/esutils 1786813742041
903 silly unfinished npm timer reifyNode:node_modules/estree-walker 1786813742041
904 silly unfinished npm timer reifyNode:node_modules/estraverse 1786813742041
905 silly unfinished npm timer reifyNode:node_modules/esrecurse 1786813742041
906 silly unfinished npm timer reifyNode:node_modules/esquery 1786813742041
907 silly unfinished npm timer reifyNode:node_modules/espree 1786813742041
908 silly unfinished npm timer reifyNode:node_modules/eslint-visitor-keys 1786813742041
909 silly unfinished npm timer reifyNode:node_modules/eslint-scope 1786813742041
910 silly unfinished npm timer reifyNode:node_modules/eslint-plugin-react-refresh 1786813742041
911 silly unfinished npm timer reifyNode:node_modules/eslint-plugin-react-hooks 1786813742041
912 silly unfinished npm timer reifyNode:node_modules/eslint 1786813742041
913 silly unfinished npm timer reifyNode:node_modules/eslint/node_modules/json-schema-traverse 1786813742041
914 silly unfinished npm timer reifyNode:node_modules/eslint/node_modules/ajv 1786813742041
915 silly unfinished npm timer reifyNode:node_modules/escape-string-regexp 1786813742041
916 silly unfinished npm timer reifyNode:node_modules/escalade 1786813742041
917 silly unfinished npm timer reifyNode:node_modules/esbuild 1786813742041
918 silly unfinished npm timer reifyNode:node_modules/es-module-lexer 1786813742041
919 silly unfinished npm timer reifyNode:node_modules/entities 1786813742041
920 silly unfinished npm timer reifyNode:node_modules/electron-to-chromium 1786813742041
921 silly unfinished npm timer reifyNode:node_modules/dom-accessibility-api 1786813742041
922 silly unfinished npm timer reifyNode:node_modules/dequal 1786813742041
923 silly unfinished npm timer reifyNode:node_modules/deep-is 1786813742041
924 silly unfinished npm timer reifyNode:node_modules/deep-eql 1786813742041
925 silly unfinished npm timer reifyNode:node_modules/decimal.js 1786813742041
926 silly unfinished npm timer reifyNode:node_modules/debug 1786813742041
927 silly unfinished npm timer reifyNode:node_modules/dayjs 1786813742041
928 silly unfinished npm timer reifyNode:node_modules/data-urls 1786813742041
929 silly unfinished npm timer reifyNode:node_modules/csstype 1786813742041
930 silly unfinished npm timer reifyNode:node_modules/cssstyle 1786813742041
931 silly unfinished npm timer reifyNode:node_modules/css.escape 1786813742041
932 silly unfinished npm timer reifyNode:node_modules/cross-spawn 1786813742041
933 silly unfinished npm timer reifyNode:node_modules/convert-source-map 1786813742041
934 silly unfinished npm timer reifyNode:node_modules/compute-scroll-into-view 1786813742041
935 silly unfinished npm timer reifyNode:node_modules/clsx 1786813742041
936 silly unfinished npm timer reifyNode:node_modules/check-error 1786813742041
937 silly unfinished npm timer reifyNode:node_modules/chai 1786813742041
938 silly unfinished npm timer reifyNode:node_modules/caniuse-lite 1786813742041
939 silly unfinished npm timer reifyNode:node_modules/cac 1786813742041
940 silly unfinished npm timer reifyNode:node_modules/browserslist 1786813742041
941 silly unfinished npm timer reifyNode:node_modules/brace-expansion 1786813742041
942 silly unfinished npm timer reifyNode:node_modules/baseline-browser-mapping 1786813742041
943 silly unfinished npm timer reifyNode:node_modules/balanced-match 1786813742041
944 silly unfinished npm timer reifyNode:node_modules/assertion-error 1786813742041
945 silly unfinished npm timer reifyNode:node_modules/aria-query 1786813742041
946 silly unfinished npm timer reifyNode:node_modules/antd 1786813742041
947 silly unfinished npm timer reifyNode:node_modules/ansi-styles 1786813742041
948 silly unfinished npm timer reifyNode:node_modules/ansi-regex 1786813742041
949 silly unfinished npm timer reifyNode:node_modules/ajv-formats 1786813742041
950 silly unfinished npm timer reifyNode:node_modules/ajv 1786813742041
951 silly unfinished npm timer reifyNode:node_modules/agent-base 1786813742041
952 silly unfinished npm timer reifyNode:node_modules/acorn-jsx 1786813742041
953 silly unfinished npm timer reifyNode:node_modules/acorn 1786813742041
954 silly unfinished npm timer reifyNode:node_modules/@vitest/utils 1786813742041
955 silly unfinished npm timer reifyNode:node_modules/@vitest/spy 1786813742041
956 silly unfinished npm timer reifyNode:node_modules/@vitest/snapshot 1786813742041
957 silly unfinished npm timer reifyNode:node_modules/@vitest/runner 1786813742041
958 silly unfinished npm timer reifyNode:node_modules/@vitest/pretty-format 1786813742041
959 silly unfinished npm timer reifyNode:node_modules/@vitest/mocker 1786813742041
960 silly unfinished npm timer reifyNode:node_modules/@vitest/expect 1786813742041
961 silly unfinished npm timer reifyNode:node_modules/@vitejs/plugin-react 1786813742041
962 silly unfinished npm timer reifyNode:node_modules/@typescript-eslint/visitor-keys 1786813742041
963 silly unfinished npm timer reifyNode:node_modules/@typescript-eslint/utils 1786813742041
964 silly unfinished npm timer reifyNode:node_modules/@typescript-eslint/typescript-estree 1786813742041
965 silly unfinished npm timer reifyNode:node_modules/@typescript-eslint/typescript-estree/node_modules/semver 1786813742041
966 silly unfinished npm timer reifyNode:node_modules/@typescript-eslint/types 1786813742041
967 silly unfinished npm timer reifyNode:node_modules/@typescript-eslint/type-utils 1786813742041
968 silly unfinished npm timer reifyNode:node_modules/@typescript-eslint/tsconfig-utils 1786813742041
969 silly unfinished npm timer reifyNode:node_modules/@typescript-eslint/scope-manager 1786813742041
970 silly unfinished npm timer reifyNode:node_modules/@typescript-eslint/project-service 1786813742041
971 silly unfinished npm timer reifyNode:node_modules/@typescript-eslint/parser 1786813742041
972 silly unfinished npm timer reifyNode:node_modules/@typescript-eslint/eslint-plugin 1786813742041
973 silly unfinished npm timer reifyNode:node_modules/@typescript-eslint/eslint-plugin/node_modules/ignore 1786813742041
974 silly unfinished npm timer reifyNode:node_modules/@types/react-dom 1786813742041
975 silly unfinished npm timer reifyNode:node_modules/@types/react 1786813742041
976 silly unfinished npm timer reifyNode:node_modules/@types/node 1786813742041
977 silly unfinished npm timer reifyNode:node_modules/@types/json-schema 1786813742041
978 silly unfinished npm timer reifyNode:node_modules/@types/estree 1786813742041
979 silly unfinished npm timer reifyNode:node_modules/@types/esrecurse 1786813742041
980 silly unfinished npm timer reifyNode:node_modules/@types/deep-eql 1786813742041
981 silly unfinished npm timer reifyNode:node_modules/@types/chai 1786813742041
982 silly unfinished npm timer reifyNode:node_modules/@types/babel__traverse 1786813742041
983 silly unfinished npm timer reifyNode:node_modules/@types/babel__template 1786813742041
984 silly unfinished npm timer reifyNode:node_modules/@types/babel__generator 1786813742041
985 silly unfinished npm timer reifyNode:node_modules/@types/babel__core 1786813742041
986 silly unfinished npm timer reifyNode:node_modules/@types/aria-query 1786813742041
987 silly unfinished npm timer reifyNode:node_modules/@testing-library/react 1786813742041
988 silly unfinished npm timer reifyNode:node_modules/@testing-library/jest-dom 1786813742041
989 silly unfinished npm timer reifyNode:node_modules/@testing-library/jest-dom/node_modules/dom-accessibility-api 1786813742041
990 silly unfinished npm timer reifyNode:node_modules/@testing-library/dom 1786813742041
991 silly unfinished npm timer reifyNode:node_modules/@rolldown/pluginutils 1786813742041
992 silly unfinished npm timer reifyNode:node_modules/@rc-component/virtual-list 1786813742041
993 silly unfinished npm timer reifyNode:node_modules/@rc-component/virtual-list/node_modules/@babel/runtime 1786813742041
994 silly unfinished npm timer reifyNode:node_modules/@rc-component/util 1786813742041
995 silly unfinished npm timer reifyNode:node_modules/@rc-component/util/node_modules/react-is 1786813742041
996 silly unfinished npm timer reifyNode:node_modules/@rc-component/upload 1786813742041
997 silly unfinished npm timer reifyNode:node_modules/@rc-component/trigger 1786813742041
998 silly unfinished npm timer reifyNode:node_modules/@rc-component/tree-select 1786813742041
999 silly unfinished npm timer reifyNode:node_modules/@rc-component/tree 1786813742041
1000 silly unfinished npm timer reifyNode:node_modules/@rc-component/tour 1786813742041
1001 silly unfinished npm timer reifyNode:node_modules/@rc-component/tooltip 1786813742041
1002 silly unfinished npm timer reifyNode:node_modules/@rc-component/tabs 1786813742041
1003 silly unfinished npm timer reifyNode:node_modules/@rc-component/table 1786813742041
1004 silly unfinished npm timer reifyNode:node_modules/@rc-component/switch 1786813742041
1005 silly unfinished npm timer reifyNode:node_modules/@rc-component/steps 1786813742041
1006 silly unfinished npm timer reifyNode:node_modules/@rc-component/slider 1786813742041
1007 silly unfinished npm timer reifyNode:node_modules/@rc-component/select 1786813742041
1008 silly unfinished npm timer reifyNode:node_modules/@rc-component/segmented 1786813742041
1009 silly unfinished npm timer reifyNode:node_modules/@rc-component/resize-observer 1786813742041
1010 silly unfinished npm timer reifyNode:node_modules/@rc-component/rate 1786813742041
1011 silly unfinished npm timer reifyNode:node_modules/@rc-component/qrcode 1786813742041
1012 silly unfinished npm timer reifyNode:node_modules/@rc-component/progress 1786813742041
1013 silly unfinished npm timer reifyNode:node_modules/@rc-component/portal 1786813742041
1014 silly unfinished npm timer reifyNode:node_modules/@rc-component/picker 1786813742041
1015 silly unfinished npm timer reifyNode:node_modules/@rc-component/pagination 1786813742041
1016 silly unfinished npm timer reifyNode:node_modules/@rc-component/overflow 1786813742041
1017 silly unfinished npm timer reifyNode:node_modules/@rc-component/notification 1786813742041
1018 silly unfinished npm timer reifyNode:node_modules/@rc-component/mutate-observer 1786813742041
1019 silly unfinished npm timer reifyNode:node_modules/@rc-component/motion 1786813742041
1020 silly unfinished npm timer reifyNode:node_modules/@rc-component/mini-decimal 1786813742041
1021 silly unfinished npm timer reifyNode:node_modules/@rc-component/menu 1786813742041
1022 silly unfinished npm timer reifyNode:node_modules/@rc-component/mentions 1786813742041
1023 silly unfinished npm timer reifyNode:node_modules/@rc-component/listy 1786813742041
1024 silly unfinished npm timer reifyNode:node_modules/@rc-component/input-number 1786813742041
1025 silly unfinished npm timer reifyNode:node_modules/@rc-component/input 1786813742041
1026 silly unfinished npm timer reifyNode:node_modules/@rc-component/image 1786813742041
1027 silly unfinished npm timer reifyNode:node_modules/@rc-component/form 1786813742041
1028 silly unfinished npm timer reifyNode:node_modules/@rc-component/dropdown 1786813742041
1029 silly unfinished npm timer reifyNode:node_modules/@rc-component/drawer 1786813742041
1030 silly unfinished npm timer reifyNode:node_modules/@rc-component/dialog 1786813742041
1031 silly unfinished npm timer reifyNode:node_modules/@rc-component/context 1786813742041
1032 silly unfinished npm timer reifyNode:node_modules/@rc-component/color-picker 1786813742041
1033 silly unfinished npm timer reifyNode:node_modules/@rc-component/collapse 1786813742041
1034 silly unfinished npm timer reifyNode:node_modules/@rc-component/checkbox 1786813742041
1035 silly unfinished npm timer reifyNode:node_modules/@rc-component/cascader 1786813742041
1036 silly unfinished npm timer reifyNode:node_modules/@rc-component/async-validator 1786813742041
1037 silly unfinished npm timer reifyNode:node_modules/@playwright/test 1786813742041
1038 silly unfinished npm timer reifyNode:node_modules/@jridgewell/trace-mapping 1786813742041
1039 silly unfinished npm timer reifyNode:node_modules/@jridgewell/sourcemap-codec 1786813742041
1040 silly unfinished npm timer reifyNode:node_modules/@jridgewell/resolve-uri 1786813742041
1041 silly unfinished npm timer reifyNode:node_modules/@jridgewell/remapping 1786813742041
1042 silly unfinished npm timer reifyNode:node_modules/@jridgewell/gen-mapping 1786813742041
1043 silly unfinished npm timer reifyNode:node_modules/@humanwhocodes/retry 1786813742041
1044 silly unfinished npm timer reifyNode:node_modules/@humanwhocodes/module-importer 1786813742041
1045 silly unfinished npm timer reifyNode:node_modules/@humanfs/types 1786813742041
1046 silly unfinished npm timer reifyNode:node_modules/@humanfs/node 1786813742041
1047 silly unfinished npm timer reifyNode:node_modules/@humanfs/core 1786813742041
1048 silly unfinished npm timer reifyNode:node_modules/@fontsource/noto-sans-sc 1786813742041
1049 silly unfinished npm timer reifyNode:node_modules/@eslint/plugin-kit 1786813742041
1050 silly unfinished npm timer reifyNode:node_modules/@eslint/object-schema 1786813742041
1051 silly unfinished npm timer reifyNode:node_modules/@eslint/js 1786813742041
1052 silly unfinished npm timer reifyNode:node_modules/@eslint/core 1786813742041
1053 silly unfinished npm timer reifyNode:node_modules/@eslint/config-helpers 1786813742041
1054 silly unfinished npm timer reifyNode:node_modules/@eslint/config-array 1786813742041
1055 silly unfinished npm timer reifyNode:node_modules/@eslint-community/regexpp 1786813742041
1056 silly unfinished npm timer reifyNode:node_modules/@eslint-community/eslint-utils 1786813742041
1057 silly unfinished npm timer reifyNode:node_modules/@eslint-community/eslint-utils/node_modules/eslint-visitor-keys 1786813742041
1058 silly unfinished npm timer reifyNode:node_modules/@emotion/unitless 1786813742041
1059 silly unfinished npm timer reifyNode:node_modules/@emotion/hash 1786813742041
1060 silly unfinished npm timer reifyNode:node_modules/@csstools/css-tokenizer 1786813742041
1061 silly unfinished npm timer reifyNode:node_modules/@csstools/css-parser-algorithms 1786813742042
1062 silly unfinished npm timer reifyNode:node_modules/@csstools/css-color-parser 1786813742042
1063 silly unfinished npm timer reifyNode:node_modules/@csstools/css-calc 1786813742042
1064 silly unfinished npm timer reifyNode:node_modules/@csstools/color-helpers 1786813742042
1065 silly unfinished npm timer reifyNode:node_modules/@babel/types 1786813742042
1066 silly unfinished npm timer reifyNode:node_modules/@babel/traverse 1786813742042
1067 silly unfinished npm timer reifyNode:node_modules/@babel/template 1786813742042
1068 silly unfinished npm timer reifyNode:node_modules/@babel/runtime 1786813742042
1069 silly unfinished npm timer reifyNode:node_modules/@babel/plugin-transform-react-jsx-source 1786813742042
1070 silly unfinished npm timer reifyNode:node_modules/@babel/plugin-transform-react-jsx-self 1786813742042
1071 silly unfinished npm timer reifyNode:node_modules/@babel/parser 1786813742042
1072 silly unfinished npm timer reifyNode:node_modules/@babel/helpers 1786813742042
1073 silly unfinished npm timer reifyNode:node_modules/@babel/helper-validator-option 1786813742042
1074 silly unfinished npm timer reifyNode:node_modules/@babel/helper-validator-identifier 1786813742042
1075 silly unfinished npm timer reifyNode:node_modules/@babel/helper-string-parser 1786813742042
1076 silly unfinished npm timer reifyNode:node_modules/@babel/helper-plugin-utils 1786813742042
1077 silly unfinished npm timer reifyNode:node_modules/@babel/helper-module-transforms 1786813742042
1078 silly unfinished npm timer reifyNode:node_modules/@babel/helper-module-imports 1786813742042
1079 silly unfinished npm timer reifyNode:node_modules/@babel/helper-globals 1786813742042
1080 silly unfinished npm timer reifyNode:node_modules/@babel/helper-compilation-targets 1786813742042
1081 silly unfinished npm timer reifyNode:node_modules/@babel/generator 1786813742042
1082 silly unfinished npm timer reifyNode:node_modules/@babel/core 1786813742042
1083 silly unfinished npm timer reifyNode:node_modules/@babel/compat-data 1786813742042
1084 silly unfinished npm timer reifyNode:node_modules/@babel/code-frame 1786813742042
1085 silly unfinished npm timer reifyNode:node_modules/@babel/code-frame/node_modules/js-tokens 1786813742042
1086 silly unfinished npm timer reifyNode:node_modules/@asamuzakjp/css-color 1786813742042
1087 silly unfinished npm timer reifyNode:node_modules/@asamuzakjp/css-color/node_modules/lru-cache 1786813742042
1088 silly unfinished npm timer reifyNode:node_modules/@ant-design/react-slick 1786813742042
1089 silly unfinished npm timer reifyNode:node_modules/@ant-design/icons-svg 1786813742042
1090 silly unfinished npm timer reifyNode:node_modules/@ant-design/icons 1786813742042
1091 silly unfinished npm timer reifyNode:node_modules/@ant-design/fast-color 1786813742042
1092 silly unfinished npm timer reifyNode:node_modules/@ant-design/cssinjs-utils 1786813742042
1093 silly unfinished npm timer reifyNode:node_modules/@ant-design/cssinjs 1786813742042
1094 silly unfinished npm timer reifyNode:node_modules/@ant-design/colors 1786813742042
1095 silly unfinished npm timer reifyNode:node_modules/@adobe/css-tools 1786813742042
1096 verbose cwd C:\Users\Levi\Desktop\maple\ui
1097 verbose os Windows_NT 10.0.26200
1098 verbose node v22.20.0
1099 verbose npm  v10.9.3
1100 verbose exit 1
1101 verbose code 1
1102 error A complete log of this run can be found in: C:\Users\Levi\Desktop\maple\ui\.npm-cache\_logs\2026-08-15T17_09_01_680Z-debug-0.log
